{"stats":{"minecraft:killed":{"minecraft:pig":1,"minecraft:spider":1,"minecraft:sheep":8,"minecraft:pillager":1,"minecraft:chicken":1,"minecraft:cow":6},"minecraft:dropped":{"mysticalworld:aubergine_seeds":1,"tombstone:grave_dust":1,"minecraft:stone_pickaxe":1},"minecraft:killed_by":{"minecraft:skeleton":1},"minecraft:mined":{"minecraft:diamond_ore":3,"minecraft:white_bed":1,"minecraft:crafting_table":3,"minecraft:hay_block":3,"minecraft:furnace":1,"minecraft:iron_ore":12,"minecraft:grass":5,"minecraft:oak_log":37,"minecraft:coal_ore":21,"minecraft:stone":21,"minecraft:oak_leaves":1},"minecraft:picked_up":{"minecraft:crafting_table":3,"minecraft:feather":2,"minecraft:chicken":1,"minecraft:leather":7,"minecraft:oak_log":36,"minecraft:apple":6,"minecraft:beef":11,"minecraft:iron_ore":12,"minecraft:light_gray_wool":1,"minecraft:furnace":1,"minecraft:stick":11,"minecraft:porkchop":1,"minecraft:white_bed":1,"minecraft:diamond":3,"mysticalworld:aubergine_seeds":1,"minecraft:hay_block":3,"minecraft:oak_sapling":12,"minecraft:mutton":12,"minecraft:coal":21,"minecraft:cobblestone":21,"minecraft:white_wool":7},"minecraft:used":{"minecraft:water_bucket":1,"minecraft:stone_sword":48,"minecraft:stone_pickaxe":8,"minecraft:wooden_pickaxe":17,"minecraft:white_wool":1,"minecraft:torch":6,"minecraft:crafting_table":3,"minecraft:white_bed":1,"minecraft:milk_bucket":1,"minecraft:honey_bottle":2,"minecraft:oak_log":26,"minecraft:apple":3,"minecraft:bread":3,"minecraft:iron_pickaxe":33,"minecraft:stone_axe":8,"minecraft:light_gray_wool":1,"minecraft:furnace":1,"minecraft:oak_sapling":12,"minecraft:porkchop":1,"minecraft:bucket":2,"tombstone:gift":1},"minecraft:custom":{"minecraft:interact_with_furnace":7,"minecraft:interact_with_anvil":1,"minecraft:mob_kills":18,"tombstone:raider_killed":1,"minecraft:interact_with_crafting_table":11,"minecraft:open_barrel":5,"minecraft:play_one_minute":81598,"minecraft:leave_game":5,"minecraft:time_since_death":19101,"minecraft:sleep_in_bed":1,"minecraft:climb_one_cm":628,"minecraft:time_since_rest":18277,"minecraft:sprint_one_cm":61043,"minecraft:damage_taken":513,"minecraft:walk_one_cm":53036,"minecraft:drop":3,"minecraft:damage_dealt":2077,"minecraft:fly_one_cm":898286,"minecraft:open_chest":8,"minecraft:crouch_one_cm":2411,"minecraft:deaths":1,"minecraft:sneak_time":2075,"minecraft:walk_under_water_one_cm":3081,"minecraft:jump":420,"minecraft:interact_with_blast_furnace":2,"minecraft:walk_on_water_one_cm":8582,"minecraft:fall_one_cm":11599},"minecraft:crafted":{"minecraft:oak_planks":44,"minecraft:crafting_table":1,"minecraft:wooden_pickaxe":1,"minecraft:furnace":1,"minecraft:stone_axe":1,"minecraft:bread":9,"minecraft:air":0,"minecraft:shield":1,"tombstone:grave_key":1,"minecraft:stick":4,"minecraft:iron_ingot":4,"minecraft:iron_pickaxe":1,"minecraft:stone_pickaxe":1,"minecraft:stone_sword":1,"minecraft:white_bed":1,"minecraft:wheat":27}},"DataVersion":2586}