{"stats":{"minecraft:mined":{"minecraft:stone":1,"mysticalworld:stonepetal":1},"minecraft:used":{"minecraft:diamond_pickaxe":2},"minecraft:dropped":{"minecraft:cobblestone":1},"minecraft:custom":{"minecraft:jump":74,"minecraft:open_chest":7,"minecraft:time_since_rest":1744,"minecraft:damage_taken":1280,"minecraft:play_one_minute":79188,"minecraft:crouch_one_cm":62,"minecraft:leave_game":8,"minecraft:time_since_death":4143,"minecraft:sprint_one_cm":7115,"minecraft:walk_one_cm":15579,"minecraft:walk_on_water_one_cm":566,"minecraft:deaths":2,"minecraft:sneak_time":657,"minecraft:interact_with_lectern":7,"minecraft:drop":1,"minecraft:fall_one_cm":13239,"minecraft:fly_one_cm":762532},"minecraft:picked_up":{"mysticalworld:stonepetal":1,"minecraft:cobblestone":1}},"DataVersion":2586}