{"stats":{"minecraft:broken":{"minecraft:leather_leggings":1},"minecraft:custom":{"minecraft:mob_kills":48,"minecraft:interact_with_crafting_table":32,"minecraft:open_barrel":52,"minecraft:leave_game":18,"minecraft:time_since_death":55951,"minecraft:climb_one_cm":6908,"minecraft:sprint_one_cm":320884,"minecraft:walk_one_cm":443772,"minecraft:damage_blocked_by_shield":2277,"minecraft:drop":16,"minecraft:damage_dealt_absorbed":120,"minecraft:talked_to_villager":1,"minecraft:deaths":33,"minecraft:sneak_time":12169,"minecraft:walk_under_water_one_cm":56274,"minecraft:boat_one_cm":88699,"minecraft:jump":2331,"minecraft:walk_on_water_one_cm":71686,"minecraft:interact_with_furnace":7,"tombstone:raider_killed":11,"minecraft:tune_noteblock":2,"minecraft:play_one_minute":331255,"minecraft:sleep_in_bed":9,"minecraft:time_since_rest":4638,"minecraft:damage_taken":2147483647,"tombstone:sneak_grave":1,"minecraft:trigger_trapped_chest":3,"minecraft:damage_dealt":11902,"minecraft:swim_one_cm":40103,"minecraft:fly_one_cm":2615792,"minecraft:open_chest":50,"minecraft:crouch_one_cm":16477,"tombstone:undead_killed":16,"minecraft:fall_one_cm":63147,"minecraft:inspect_dispenser":1},"minecraft:crafted":{"minecraft:oak_planks":52,"iceandfire:dragonarmor_iron_body":1,"minecraft:birch_boat":1,"iceandfire:dragon_stick":1,"minecraft:furnace":1,"minecraft:stone_pickaxe":1,"minecraft:dark_oak_planks":8,"paraglider:paraglider":1,"minecraft:crafting_table":4,"minecraft:wooden_pickaxe":1,"minecraft:iron_helmet":1,"minecraft:iron_sword":1,"minecraft:birch_planks":20,"minecraft:air":0,"minecraft:oak_boat":1,"minecraft:white_wool":1,"minecraft:iron_chestplate":1,"minecraft:shield":2,"minecraft:stick":20,"minecraft:iron_ingot":3,"minecraft:iron_block":14,"iceandfire:dragonarmor_iron_tail":1,"minecraft:torch":80},"minecraft:picked_up":{"minecraft:crafting_table":9,"minecraft:wheat":1,"minecraft:ladder":3,"minecraft:chicken":1,"minecraft:leather_leggings":1,"minecraft:potion":1,"minecraft:red_bed":3,"minecraft:string":7,"minecraft:dark_oak_trapdoor":1,"minecraft:iron_axe":1,"iceandfire:sea_serpent_scales_teal":5,"mysticalworld:raw_squid":2,"minecraft:cracked_stone_bricks":2,"minecraft:smooth_stone":1,"minecraft:spruce_planks":1,"minecraft:oak_boat":1,"minecraft:cobblestone_slab":1,"minecraft:light_gray_wool":1,"minecraft:sugar_cane":12,"minecraft:birch_sapling":4,"minecraft:furnace":1,"iceandfire:ice_dragon_heart":1,"minecraft:iron_boots":1,"minecraft:egg":1,"minecraft:stick":19,"minecraft:sandstone":9,"iceandfire:dragonbone":33,"minecraft:torch":4,"minecraft:spruce_stairs":1,"tombstone:grave_dust":4,"minecraft:stone_pressure_plate":1,"iceandfire:dragon_skull_ice":1,"minecraft:arrow":1,"minecraft:rotten_flesh":10,"mysticalworld:aubergine_seeds":2,"iceandfire:deathworm_chitin_yellow":2,"iceandfire:fire_dragon_heart":1,"minecraft:mutton":16,"minecraft:white_wool":4,"minecraft:cobblestone":74,"minecraft:birch_log":17,"minecraft:feather":6,"minecraft:andesite":1,"minecraft:salmon":3,"mysticalworld:lustrous_pearl":1,"minecraft:cut_sandstone":2,"minecraft:leather":7,"minecraft:oak_log":35,"minecraft:gunpowder":3,"minecraft:lapis_lazuli":28,"minecraft:dirt":8,"iceandfire:dragonscales_bronze":6,"minecraft:orange_terracotta":1,"minecraft:bone":7,"minecraft:apple":1,"minecraft:stone_bricks":1,"mysticalworld:stonepetal":1,"minecraft:wheat_seeds":3,"minecraft:iron_ore":3,"minecraft:mossy_stone_bricks":1,"minecraft:glowstone_dust":2,"iceandfire:dragon_meal":8,"iceandfire:fire_dragon_flesh":4,"minecraft:iron_sword":1,"minecraft:cooked_porkchop":11,"minecraft:birch_boat":1,"minecraft:chiseled_stone_bricks":2,"minecraft:stone_brick_slab":15,"iceandfire:dragonscales_sapphire":16,"minecraft:dandelion":2,"iceandfire:dragon_skull_fire":3,"minecraft:sand":9,"minecraft:ink_sac":2,"minecraft:white_bed":5,"minecraft:chiseled_sandstone":1,"minecraft:spider_eye":2,"minecraft:oak_wood":2,"minecraft:diamond":13,"minecraft:granite":5,"minecraft:crossbow":1,"iceandfire:ice_dragon_flesh":2,"iceandfire:gorgon_head":2,"minecraft:oak_sapling":3,"minecraft:stripped_dark_oak_log":2},"minecraft:mined":{"minecraft:diamond_ore":13,"minecraft:stone_pressure_plate":1,"minecraft:white_bed":5,"minecraft:granite":5,"minecraft:grass_block":4,"minecraft:sandstone":9,"minecraft:chiseled_stone_bricks":2,"minecraft:large_fern":1,"minecraft:smooth_stone":1,"minecraft:furnace":1,"minecraft:iron_ore":3,"minecraft:fire":1,"minecraft:chiseled_sandstone":1,"minecraft:andesite":1,"mysticalworld:stonepetal":1,"minecraft:stone":68,"minecraft:cut_sandstone":2,"minecraft:red_bed":3,"minecraft:orange_terracotta":1,"minecraft:stone_brick_slab":15,"minecraft:crafting_table":9,"minecraft:dead_bush":10,"minecraft:tall_grass":1,"minecraft:lapis_ore":5,"minecraft:sugar_cane":8,"minecraft:birch_log":11,"minecraft:birch_leaves":1,"minecraft:grass":5,"minecraft:oak_log":32,"minecraft:sand":9,"minecraft:dirt":3,"minecraft:cobweb":7,"minecraft:cracked_stone_bricks":2,"minecraft:stone_bricks":1,"minecraft:mossy_stone_bricks":1,"minecraft:oak_leaves":9},"minecraft:killed_by":{"minecraft:zombie_villager":7,"iceandfire:deathworm":2,"minecraft:creeper":3,"minecraft:pillager":4,"iceandfire:hippogryph":4,"iceandfire:gorgon":6,"minecraft:skeleton":1,"minecraft:witch":3,"iceandfire:fire_dragon":2},"minecraft:killed":{"iceandfire:hippogryph":1,"minecraft:witch":3,"iceandfire:gorgon":1,"minecraft:skeleton":4,"minecraft:husk":2,"minecraft:pig":6,"iceandfire:cyclops":1,"minecraft:zombie_villager":2,"minecraft:creeper":1,"minecraft:sheep":5,"minecraft:pillager":8,"minecraft:zombie":8,"iceandfire:ice_dragon":1,"iceandfire:sea_serpent":1,"mowziesmobs:naga":1},"minecraft:dropped":{"minecraft:iron_sword":1,"minecraft:ink_sac":1,"mysticalworld:stonepetal":1,"tombstone:grave_dust":2,"minecraft:iron_axe":1,"minecraft:dandelion":2,"mysticalworld:owl_spawn_egg":1,"minecraft:rotten_flesh":2,"minecraft:spruce_planks":2,"advancednetherite:netherite_diamond_sword":1,"minecraft:ladder":1,"iceandfire:dragon_meal":8},"minecraft:used":{"advancednetherite:netherite_diamond_sword":1,"minecraft:shield":55,"minecraft:iron_sword":107,"minecraft:torch":253,"minecraft:dirt":17,"minecraft:milk_bucket":1,"minecraft:dark_oak_planks":7,"minecraft:stone_brick_slab":6,"minecraft:lava_bucket":2,"mysticalworld:owl_spawn_egg":1,"minecraft:iron_axe":37,"minecraft:birch_sapling":1,"minecraft:stone_bricks":1,"minecraft:bow":83,"iceandfire:dread_queen_sword":13,"minecraft:cooked_cod":1,"minecraft:oak_sapling":1,"minecraft:furnace":1,"tombstone:gift":5,"torchmaster:megatorch":3,"minecraft:egg":1,"minecraft:cooked_beef":6,"minecraft:orange_terracotta":1,"minecraft:water_bucket":8,"minecraft:mossy_stone_bricks":1,"minecraft:birch_planks":1,"minecraft:stone_pickaxe":41,"minecraft:baked_potato":7,"minecraft:oak_planks":9,"minecraft:wooden_pickaxe":17,"minecraft:birch_boat":1,"minecraft:cracked_stone_bricks":2,"minecraft:sand":4,"minecraft:crafting_table":13,"minecraft:red_bed":4,"iceandfire:dragonegg_white":1,"minecraft:white_bed":7,"minecraft:oak_log":1,"minecraft:apple":2,"minecraft:iron_pickaxe":78,"minecraft:netherite_axe":23,"minecraft:chiseled_stone_bricks":2,"minecraft:diamond_sword":86,"minecraft:cobblestone":13,"iceandfire:dragon_skull_fire":1,"minecraft:cooked_porkchop":7,"minecraft:bucket":10,"minecraft:oak_boat":2,"minecraft:splash_potion":2,"minecraft:experience_bottle":3}},"DataVersion":2586}