{"stats":{"minecraft:mined":{"minecraft:purple_bed":1,"minecraft:spruce_log":8,"minecraft:crafting_table":1,"minecraft:grass":1,"minecraft:grass_block":1,"minecraft:coal_ore":11,"minecraft:oak_log":8,"minecraft:dirt":2,"mysticalworld:stonepetal":1,"minecraft:stone":17,"minecraft:oak_leaves":1},"minecraft:used":{"minecraft:diamond_pickaxe":2,"minecraft:bread":1,"minecraft:spruce_planks":1,"minecraft:wooden_pickaxe":27,"minecraft:spruce_sapling":2,"minecraft:stone_axe":1,"minecraft:torch":18,"minecraft:bow":64,"minecraft:crafting_table":1,"minecraft:sweet_berries":2,"tombstone:gift":1,"minecraft:spruce_log":1},"minecraft:dropped":{"twilightforest:ice_bow":1,"minecraft:bread":3,"tombstone:grave_dust":1,"minecraft:cobblestone":1},"minecraft:crafted":{"minecraft:oak_planks":24,"minecraft:crafting_table":2,"minecraft:spruce_planks":36,"minecraft:stick":8,"minecraft:wooden_pickaxe":1,"minecraft:stone_pickaxe":1,"minecraft:stone_sword":1,"minecraft:torch":8,"minecraft:stone_axe":1},"minecraft:custom":{"minecraft:time_since_rest":18166,"minecraft:sprint_one_cm":50340,"minecraft:damage_taken":1825,"minecraft:walk_one_cm":81884,"minecraft:mob_kills":2,"minecraft:drop":6,"minecraft:damage_dealt":524,"minecraft:swim_one_cm":1047,"minecraft:interact_with_crafting_table":3,"minecraft:talked_to_villager":1,"minecraft:fly_one_cm":1066175,"minecraft:player_kills":2,"minecraft:open_chest":24,"minecraft:play_one_minute":115188,"minecraft:crouch_one_cm":3874,"minecraft:deaths":4,"minecraft:sneak_time":2936,"minecraft:walk_under_water_one_cm":193,"minecraft:interact_with_lectern":7,"minecraft:jump":316,"minecraft:leave_game":8,"minecraft:time_since_death":18221,"minecraft:walk_on_water_one_cm":1277,"minecraft:fall_one_cm":20475},"minecraft:killed_by":{"iceandfire:cyclops":1},"minecraft:picked_up":{"minecraft:stick":1,"minecraft:crafting_table":1,"minecraft:oak_log":6,"minecraft:spruce_sapling":2,"minecraft:spruce_log":13,"minecraft:dirt":15,"mysticalworld:raw_squid":1,"minecraft:purple_bed":1,"mysticalworld:stonepetal":1,"minecraft:bread":11,"minecraft:oak_planks":20,"minecraft:coal":11,"minecraft:cobblestone":17}},"DataVersion":2586}