{"stats":{"minecraft:killed":{"aquamirae:maw":1,"minecraft:pig":1,"minecraft:spider":1,"minecraft:sheep":8,"minecraft:pillager":1,"minecraft:chicken":1,"iceandfire:lightning_dragon":1,"minecraft:cow":6},"minecraft:dropped":{"mysticalworld:aubergine_seeds":1,"tombstone:grave_dust":1,"minecraft:stone_pickaxe":1},"minecraft:killed_by":{"minecraft:skeleton":1,"iceandfire:lightning_dragon":1},"minecraft:mined":{"minecraft:diamond_ore":3,"minecraft:white_bed":1,"minecraft:crafting_table":3,"minecraft:hay_block":3,"minecraft:furnace":1,"minecraft:iron_ore":12,"minecraft:grass":5,"minecraft:oak_log":37,"minecraft:coal_ore":21,"minecraft:stone":21,"minecraft:oak_leaves":1},"minecraft:picked_up":{"iceandfire:dragon_skull_lightning":1,"iceandfire:dragonscales_black":49,"minecraft:crafting_table":3,"minecraft:feather":2,"minecraft:chicken":1,"minecraft:leather":7,"minecraft:oak_log":36,"aquamirae:fin":1,"minecraft:apple":6,"minecraft:beef":11,"minecraft:iron_ore":12,"minecraft:light_gray_wool":1,"minecraft:furnace":1,"iceandfire:dragonegg_black":1,"minecraft:stick":11,"iceandfire:dragonbone":16,"iceandfire:lightning_dragon_flesh":3,"minecraft:porkchop":1,"iceandfire:lightning_dragon_heart":1,"minecraft:white_bed":1,"minecraft:diamond":3,"iceandfire:crackled_stone":12,"mysticalworld:aubergine_seeds":1,"minecraft:hay_block":3,"minecraft:oak_sapling":12,"minecraft:mutton":12,"minecraft:coal":21,"minecraft:cobblestone":21,"minecraft:white_wool":7},"minecraft:used":{"minecraft:water_bucket":1,"minecraft:stone_sword":70,"minecraft:stone_pickaxe":8,"minecraft:oak_sign":2,"minecraft:wooden_pickaxe":17,"minecraft:white_wool":1,"minecraft:torch":6,"minecraft:crafting_table":3,"minecraft:white_bed":2,"minecraft:milk_bucket":1,"minecraft:honey_bottle":2,"minecraft:oak_log":26,"minecraft:dark_oak_planks":6,"minecraft:apple":3,"minecraft:bread":3,"minecraft:iron_pickaxe":33,"aquamirae:fin":1,"minecraft:stone_axe":11,"minecraft:light_gray_wool":1,"minecraft:furnace":1,"minecraft:oak_sapling":12,"minecraft:porkchop":1,"minecraft:bucket":2,"tombstone:gift":1,"minecraft:splash_potion":367},"minecraft:custom":{"minecraft:interact_with_furnace":7,"minecraft:interact_with_anvil":1,"minecraft:mob_kills":20,"tombstone:raider_killed":1,"minecraft:interact_with_crafting_table":11,"minecraft:open_barrel":15,"minecraft:play_one_minute":105598,"minecraft:leave_game":5,"minecraft:time_since_death":11014,"minecraft:sleep_in_bed":2,"minecraft:climb_one_cm":628,"minecraft:time_since_rest":2464,"minecraft:sprint_one_cm":63874,"minecraft:damage_taken":1265,"minecraft:walk_one_cm":81359,"minecraft:drop":3,"minecraft:damage_dealt":2618,"minecraft:fly_one_cm":1308624,"minecraft:open_chest":16,"minecraft:crouch_one_cm":5303,"minecraft:deaths":2,"minecraft:sneak_time":3487,"minecraft:walk_under_water_one_cm":8209,"minecraft:jump":450,"minecraft:interact_with_blast_furnace":2,"minecraft:walk_on_water_one_cm":10697,"minecraft:fall_one_cm":12666},"minecraft:crafted":{"minecraft:oak_planks":44,"minecraft:crafting_table":1,"minecraft:wooden_pickaxe":1,"minecraft:furnace":1,"minecraft:stone_axe":1,"minecraft:bread":9,"minecraft:air":0,"minecraft:shield":1,"tombstone:grave_key":1,"minecraft:stick":4,"minecraft:iron_ingot":4,"minecraft:iron_pickaxe":1,"minecraft:stone_pickaxe":1,"minecraft:stone_sword":1,"minecraft:white_bed":1,"minecraft:wheat":27}},"DataVersion":2586}