{"stats":{"minecraft:killed":{"minecraft:pig":1,"minecraft:spider":1,"minecraft:sheep":8,"minecraft:chicken":1,"minecraft:cow":6},"minecraft:dropped":{"mysticalworld:aubergine_seeds":1,"tombstone:grave_dust":1,"minecraft:stone_pickaxe":1},"minecraft:killed_by":{"minecraft:skeleton":1},"minecraft:mined":{"minecraft:white_bed":1,"minecraft:crafting_table":3,"minecraft:hay_block":3,"minecraft:furnace":1,"minecraft:iron_ore":4,"minecraft:grass":5,"minecraft:oak_log":37,"minecraft:coal_ore":21,"minecraft:stone":20,"minecraft:oak_leaves":1},"minecraft:picked_up":{"minecraft:crafting_table":3,"minecraft:feather":2,"minecraft:chicken":1,"minecraft:leather":7,"minecraft:oak_log":36,"minecraft:apple":6,"minecraft:beef":11,"minecraft:iron_ore":4,"minecraft:light_gray_wool":1,"minecraft:furnace":1,"minecraft:stick":11,"minecraft:porkchop":1,"minecraft:white_bed":1,"mysticalworld:aubergine_seeds":1,"minecraft:hay_block":3,"minecraft:oak_sapling":12,"minecraft:mutton":12,"minecraft:coal":21,"minecraft:cobblestone":20,"minecraft:white_wool":7},"minecraft:used":{"minecraft:water_bucket":1,"minecraft:stone_sword":43,"minecraft:stone_pickaxe":8,"minecraft:wooden_pickaxe":17,"minecraft:white_wool":1,"minecraft:crafting_table":3,"minecraft:white_bed":1,"minecraft:milk_bucket":1,"minecraft:honey_bottle":2,"minecraft:oak_log":26,"minecraft:apple":3,"minecraft:bread":3,"minecraft:iron_pickaxe":21,"minecraft:stone_axe":8,"minecraft:light_gray_wool":1,"minecraft:furnace":1,"minecraft:oak_sapling":12,"minecraft:porkchop":1,"minecraft:bucket":2,"tombstone:gift":1},"minecraft:custom":{"minecraft:interact_with_furnace":7,"minecraft:mob_kills":17,"minecraft:interact_with_crafting_table":11,"minecraft:open_barrel":2,"minecraft:play_one_minute":69598,"minecraft:leave_game":5,"minecraft:time_since_death":7101,"minecraft:sleep_in_bed":1,"minecraft:climb_one_cm":628,"minecraft:time_since_rest":6277,"minecraft:sprint_one_cm":58252,"minecraft:damage_taken":513,"minecraft:walk_one_cm":49217,"minecraft:drop":3,"minecraft:damage_dealt":1837,"minecraft:fly_one_cm":595726,"minecraft:open_chest":2,"minecraft:crouch_one_cm":1639,"minecraft:deaths":1,"minecraft:sneak_time":1302,"minecraft:walk_under_water_one_cm":1263,"minecraft:jump":406,"minecraft:walk_on_water_one_cm":6409,"minecraft:fall_one_cm":11388},"minecraft:crafted":{"minecraft:oak_planks":44,"minecraft:crafting_table":1,"minecraft:wooden_pickaxe":1,"minecraft:furnace":1,"minecraft:stone_axe":1,"minecraft:bread":9,"minecraft:air":0,"minecraft:shield":1,"tombstone:grave_key":1,"minecraft:stick":4,"minecraft:iron_ingot":4,"minecraft:iron_pickaxe":1,"minecraft:stone_pickaxe":1,"minecraft:stone_sword":1,"minecraft:white_bed":1,"minecraft:wheat":27}},"DataVersion":2586}