{"stats":{"minecraft:mined":{"minecraft:red_carpet":1,"minecraft:spruce_planks":2,"minecraft:crafting_table":1,"minecraft:grass_block":1,"minecraft:lectern":1,"minecraft:cobblestone":2,"twilightforest:potted_time_sapling":1,"minecraft:spawner":3,"twilightforest:potted_mushgloom":1,"minecraft:purple_bed":1,"minecraft:spruce_log":8,"minecraft:enchanting_table":1,"minecraft:grass":1,"minecraft:oak_log":8,"minecraft:coal_ore":11,"twilightforest:potted_twilight_oak_sapling":1,"minecraft:gravel":2,"minecraft:dirt":2,"mysticalworld:stonepetal":1,"minecraft:cracked_stone_bricks":2,"minecraft:stone":25,"minecraft:polished_andesite":3,"minecraft:oak_leaves":1},"minecraft:used":{"minecraft:cooked_mutton":1,"minecraft:stone_pickaxe":21,"minecraft:polished_andesite":1,"minecraft:wooden_pickaxe":27,"minecraft:spruce_planks":3,"minecraft:shield":4,"minecraft:torch":97,"minecraft:crafting_table":3,"minecraft:spruce_log":1,"minecraft:diamond_pickaxe":2,"minecraft:bread":1,"minecraft:map":1,"minecraft:spruce_sapling":2,"minecraft:potion":5,"minecraft:stone_axe":22,"minecraft:cobblestone":1,"minecraft:bow":64,"minecraft:sweet_berries":2,"tombstone:gift":1,"minecraft:cooked_beef":1},"minecraft:dropped":{"twilightforest:ice_bow":1,"minecraft:bread":3,"minecraft:cobblestone":2,"minecraft:rotten_flesh":2,"twilightforest:twilight_oak_sapling":1,"mysticalworld:encyclopedia":1,"minecraft:red_carpet":2,"minecraft:polished_andesite":1,"minecraft:potato":3,"tombstone:grave_dust":1,"twilightforest:rainboak_sapling":1},"minecraft:killed":{"minecraft:skeleton":3,"minecraft:zombie":1,"minecraft:enderman":1},"minecraft:crafted":{"minecraft:oak_planks":24,"minecraft:crafting_table":2,"minecraft:spruce_planks":36,"minecraft:wooden_pickaxe":1,"minecraft:stone_axe":1,"minecraft:shield":1,"minecraft:stick":8,"minecraft:stone_pickaxe":1,"minecraft:stone_sword":1,"minecraft:torch":8},"minecraft:custom":{"minecraft:interact_with_furnace":1,"minecraft:mob_kills":7,"minecraft:interact_with_crafting_table":5,"minecraft:play_one_minute":144955,"minecraft:leave_game":9,"minecraft:time_since_death":47988,"minecraft:sleep_in_bed":1,"minecraft:time_since_rest":27181,"minecraft:sprint_one_cm":115938,"minecraft:damage_taken":1889,"minecraft:walk_one_cm":147615,"minecraft:damage_blocked_by_shield":240,"minecraft:drop":16,"minecraft:damage_dealt":1724,"minecraft:swim_one_cm":1047,"minecraft:talked_to_villager":1,"minecraft:fly_one_cm":1152307,"minecraft:player_kills":2,"minecraft:open_chest":70,"minecraft:crouch_one_cm":4791,"tombstone:undead_killed":4,"minecraft:deaths":4,"minecraft:sneak_time":3329,"minecraft:walk_under_water_one_cm":193,"minecraft:interact_with_lectern":7,"minecraft:jump":347,"minecraft:walk_on_water_one_cm":1277,"minecraft:fall_one_cm":20475},"minecraft:killed_by":{"iceandfire:cyclops":1},"minecraft:picked_up":{"minecraft:enchanting_table":1,"minecraft:crafting_table":1,"paraglider:spirit_orb":6,"minecraft:oak_log":6,"minecraft:dirt":15,"minecraft:red_carpet":2,"mysticalworld:raw_squid":1,"minecraft:bone":5,"minecraft:bow":1,"mysticalworld:stonepetal":1,"minecraft:cracked_stone_bricks":1,"minecraft:spruce_planks":2,"minecraft:lectern":1,"minecraft:oak_planks":20,"minecraft:iron_boots":1,"minecraft:stick":1,"minecraft:torch":10,"minecraft:spruce_sapling":2,"minecraft:spruce_log":13,"minecraft:arrow":1,"minecraft:polished_andesite":3,"minecraft:purple_bed":1,"minecraft:rotten_flesh":2,"twilightforest:twilight_oak_sapling":1,"minecraft:bread":11,"minecraft:coal":11,"minecraft:cobblestone":26,"minecraft:ender_pearl":1}},"DataVersion":2586}