{"stats":{"minecraft:killed":{"aquamirae:maw":1,"minecraft:pig":1,"minecraft:spider":1,"minecraft:sheep":8,"minecraft:pillager":1,"minecraft:chicken":1,"minecraft:cow":6},"minecraft:dropped":{"mysticalworld:aubergine_seeds":1,"tombstone:grave_dust":1,"minecraft:stone_pickaxe":1},"minecraft:killed_by":{"minecraft:skeleton":1},"minecraft:mined":{"minecraft:diamond_ore":3,"minecraft:white_bed":1,"minecraft:crafting_table":3,"minecraft:hay_block":3,"minecraft:furnace":1,"minecraft:iron_ore":12,"minecraft:grass":5,"minecraft:oak_log":37,"minecraft:coal_ore":21,"minecraft:stone":21,"minecraft:oak_leaves":1},"minecraft:picked_up":{"minecraft:crafting_table":3,"minecraft:feather":2,"minecraft:chicken":1,"minecraft:leather":7,"minecraft:oak_log":36,"aquamirae:fin":1,"minecraft:apple":6,"minecraft:beef":11,"minecraft:iron_ore":12,"minecraft:light_gray_wool":1,"minecraft:furnace":1,"minecraft:stick":11,"minecraft:porkchop":1,"minecraft:white_bed":1,"minecraft:diamond":3,"mysticalworld:aubergine_seeds":1,"minecraft:hay_block":3,"minecraft:oak_sapling":12,"minecraft:mutton":12,"minecraft:coal":21,"minecraft:cobblestone":21,"minecraft:white_wool":7},"minecraft:used":{"minecraft:water_bucket":1,"minecraft:stone_sword":63,"minecraft:stone_pickaxe":8,"minecraft:wooden_pickaxe":17,"minecraft:white_wool":1,"minecraft:torch":6,"minecraft:crafting_table":3,"minecraft:white_bed":1,"minecraft:milk_bucket":1,"minecraft:honey_bottle":2,"minecraft:oak_log":26,"minecraft:apple":3,"minecraft:bread":3,"minecraft:iron_pickaxe":33,"aquamirae:fin":1,"minecraft:stone_axe":11,"minecraft:light_gray_wool":1,"minecraft:furnace":1,"minecraft:oak_sapling":12,"minecraft:porkchop":1,"minecraft:bucket":2,"tombstone:gift":1,"minecraft:splash_potion":349},"minecraft:custom":{"minecraft:interact_with_furnace":7,"minecraft:interact_with_anvil":1,"minecraft:mob_kills":19,"tombstone:raider_killed":1,"minecraft:interact_with_crafting_table":11,"minecraft:open_barrel":15,"minecraft:play_one_minute":93598,"minecraft:leave_game":5,"minecraft:time_since_death":31101,"minecraft:sleep_in_bed":1,"minecraft:climb_one_cm":628,"minecraft:time_since_rest":30277,"minecraft:sprint_one_cm":61656,"minecraft:damage_taken":573,"minecraft:walk_one_cm":55421,"minecraft:drop":3,"minecraft:damage_dealt":2523,"minecraft:fly_one_cm":1284255,"minecraft:open_chest":10,"minecraft:crouch_one_cm":2440,"minecraft:deaths":1,"minecraft:sneak_time":2642,"minecraft:walk_under_water_one_cm":3266,"minecraft:jump":430,"minecraft:interact_with_blast_furnace":2,"minecraft:walk_on_water_one_cm":9241,"minecraft:fall_one_cm":12666},"minecraft:crafted":{"minecraft:oak_planks":44,"minecraft:crafting_table":1,"minecraft:wooden_pickaxe":1,"minecraft:furnace":1,"minecraft:stone_axe":1,"minecraft:bread":9,"minecraft:air":0,"minecraft:shield":1,"tombstone:grave_key":1,"minecraft:stick":4,"minecraft:iron_ingot":4,"minecraft:iron_pickaxe":1,"minecraft:stone_pickaxe":1,"minecraft:stone_sword":1,"minecraft:white_bed":1,"minecraft:wheat":27}},"DataVersion":2586}