{"stats":{"minecraft:mined":{"minecraft:red_carpet":1,"minecraft:spruce_planks":2,"minecraft:crafting_table":1,"minecraft:grass_block":1,"minecraft:lectern":1,"minecraft:cobblestone":1,"twilightforest:potted_time_sapling":1,"twilightforest:potted_mushgloom":1,"minecraft:purple_bed":1,"minecraft:spruce_log":8,"minecraft:enchanting_table":1,"minecraft:grass":1,"minecraft:oak_log":8,"minecraft:coal_ore":11,"twilightforest:potted_twilight_oak_sapling":1,"mysticalworld:stonepetal":1,"minecraft:dirt":2,"minecraft:cracked_stone_bricks":2,"minecraft:stone":20,"minecraft:polished_andesite":2,"minecraft:oak_leaves":1},"minecraft:used":{"minecraft:cooked_mutton":1,"minecraft:polished_andesite":1,"minecraft:stone_pickaxe":9,"minecraft:shield":4,"minecraft:spruce_planks":3,"minecraft:wooden_pickaxe":27,"minecraft:torch":56,"minecraft:crafting_table":3,"minecraft:spruce_log":1,"minecraft:diamond_pickaxe":2,"minecraft:bread":1,"minecraft:map":1,"minecraft:spruce_sapling":2,"minecraft:stone_axe":16,"minecraft:cobblestone":1,"minecraft:bow":64,"minecraft:sweet_berries":2,"tombstone:gift":1,"minecraft:cooked_beef":1},"minecraft:dropped":{"twilightforest:ice_bow":1,"minecraft:bread":3,"minecraft:cobblestone":1,"minecraft:rotten_flesh":1,"twilightforest:twilight_oak_sapling":1,"minecraft:red_carpet":1,"tombstone:grave_dust":1,"twilightforest:rainboak_sapling":1},"minecraft:killed":{"minecraft:skeleton":1,"minecraft:zombie":1,"minecraft:enderman":1},"minecraft:crafted":{"minecraft:oak_planks":24,"minecraft:crafting_table":2,"minecraft:spruce_planks":36,"minecraft:wooden_pickaxe":1,"minecraft:stone_axe":1,"minecraft:shield":1,"minecraft:stick":8,"minecraft:stone_pickaxe":1,"minecraft:stone_sword":1,"minecraft:torch":8},"minecraft:custom":{"minecraft:interact_with_furnace":1,"minecraft:mob_kills":5,"minecraft:interact_with_crafting_table":5,"minecraft:play_one_minute":133064,"minecraft:leave_game":9,"minecraft:time_since_death":36097,"minecraft:sleep_in_bed":1,"minecraft:time_since_rest":15290,"minecraft:sprint_one_cm":100563,"minecraft:damage_taken":1889,"minecraft:walk_one_cm":128114,"minecraft:damage_blocked_by_shield":240,"minecraft:drop":10,"minecraft:damage_dealt":1324,"minecraft:talked_to_villager":1,"minecraft:swim_one_cm":1047,"minecraft:fly_one_cm":1071585,"minecraft:player_kills":2,"minecraft:open_chest":49,"minecraft:crouch_one_cm":4577,"tombstone:undead_killed":2,"minecraft:deaths":4,"minecraft:sneak_time":3143,"minecraft:walk_under_water_one_cm":193,"minecraft:interact_with_lectern":7,"minecraft:jump":337,"minecraft:walk_on_water_one_cm":1277,"minecraft:fall_one_cm":20475},"minecraft:killed_by":{"iceandfire:cyclops":1},"minecraft:picked_up":{"minecraft:enchanting_table":1,"minecraft:crafting_table":1,"minecraft:oak_log":6,"minecraft:dirt":15,"minecraft:red_carpet":2,"mysticalworld:raw_squid":1,"minecraft:bone":2,"mysticalworld:stonepetal":1,"minecraft:cracked_stone_bricks":1,"minecraft:spruce_planks":2,"minecraft:lectern":1,"minecraft:oak_planks":20,"minecraft:stick":1,"minecraft:spruce_sapling":2,"minecraft:spruce_log":13,"minecraft:polished_andesite":2,"minecraft:purple_bed":1,"minecraft:rotten_flesh":1,"twilightforest:twilight_oak_sapling":1,"minecraft:bread":11,"minecraft:coal":11,"minecraft:cobblestone":20,"minecraft:ender_pearl":1}},"DataVersion":2586}