{"stats":{"minecraft:killed":{"mysticalworld:beetle":1,"aquamirae:maw":1,"minecraft:pig":1,"minecraft:spider":2,"minecraft:sheep":8,"minecraft:skeleton":4,"minecraft:pillager":1,"minecraft:zombie":16,"iceandfire:fire_dragon":1,"minecraft:chicken":2,"iceandfire:lightning_dragon":1,"minecraft:cow":7},"minecraft:picked_up":{"iceandfire:dragonscales_black":49,"iceandfire:dragon_skull_lightning":1,"minecraft:crafting_table":6,"minecraft:azure_bluet":1,"minecraft:feather":4,"minecraft:chicken":2,"minecraft:leather":7,"minecraft:oak_log":36,"mysticalworld:carapace":2,"minecraft:dirt":1,"aquamirae:fin":1,"minecraft:bone":7,"minecraft:apple":6,"minecraft:bow":2,"minecraft:wheat_seeds":1,"minecraft:iron_ingot":1,"minecraft:beef":14,"minecraft:iron_ore":12,"minecraft:light_gray_wool":1,"minecraft:furnace":1,"iceandfire:dragonegg_black":1,"minecraft:stick":11,"iceandfire:dragonbone":16,"minecraft:porkchop":1,"iceandfire:lightning_dragon_flesh":3,"tombstone:grave_dust":3,"minecraft:white_bed":1,"iceandfire:lightning_dragon_heart":1,"minecraft:arrow":3,"minecraft:rotten_flesh":11,"minecraft:diamond":3,"iceandfire:crackled_stone":12,"mysticalworld:aubergine_seeds":3,"minecraft:hay_block":3,"tombstone:magic_scroll":1,"minecraft:oak_sapling":12,"minecraft:mutton":12,"minecraft:coal":21,"minecraft:white_wool":7,"minecraft:cobblestone":21,"minecraft:sunflower":1},"minecraft:used":{"minecraft:water_bucket":1,"minecraft:stone_sword":95,"minecraft:stone_pickaxe":8,"minecraft:oak_sign":2,"minecraft:ender_pearl":1,"minecraft:wooden_pickaxe":17,"minecraft:shield":4,"minecraft:diamond_axe":11,"minecraft:white_wool":1,"minecraft:torch":6,"minecraft:golden_apple":4,"minecraft:sand":25,"minecraft:dirt":1,"minecraft:crafting_table":6,"minecraft:carrot":1,"minecraft:white_bed":2,"minecraft:milk_bucket":1,"minecraft:honey_bottle":2,"minecraft:dark_oak_planks":84,"minecraft:oak_log":26,"iceandfire:dragonegg_black":1,"minecraft:sea_lantern":4,"minecraft:apple":3,"minecraft:iron_pickaxe":33,"minecraft:bread":5,"minecraft:grass_block":2,"iceandfire:dragon_horn":1,"tombstone:magic_scroll":1,"tombstone:grave_key":3,"aquamirae:fin":2,"minecraft:light_gray_wool":1,"minecraft:stone_axe":11,"minecraft:diamond_sword":113,"minecraft:oak_sapling":12,"minecraft:furnace":1,"minecraft:porkchop":1,"minecraft:bucket":2,"tombstone:gift":6,"minecraft:cooked_beef":10,"minecraft:splash_potion":368},"minecraft:killed_by":{"minecraft:skeleton":1,"minecraft:creeper":1,"iceandfire:lightning_dragon":1,"iceandfire:fire_dragon":5},"minecraft:custom":{"minecraft:interact_with_furnace":7,"minecraft:interact_with_anvil":1,"minecraft:mob_kills":45,"tombstone:raider_killed":1,"minecraft:interact_with_crafting_table":24,"minecraft:open_barrel":15,"minecraft:play_one_minute":178375,"minecraft:leave_game":12,"minecraft:time_since_death":39266,"minecraft:sleep_in_bed":4,"minecraft:climb_one_cm":2366,"minecraft:time_since_rest":39025,"minecraft:sprint_one_cm":146568,"minecraft:damage_absorbed":100,"minecraft:damage_taken":6551,"minecraft:walk_one_cm":249537,"minecraft:damage_blocked_by_shield":160,"minecraft:drop":24,"minecraft:damage_dealt":9688,"minecraft:swim_one_cm":1732,"minecraft:player_kills":1,"minecraft:fly_one_cm":2014359,"minecraft:open_chest":21,"minecraft:crouch_one_cm":12228,"minecraft:sneak_time":6190,"tombstone:undead_killed":20,"minecraft:deaths":8,"minecraft:walk_under_water_one_cm":24066,"minecraft:jump":1263,"minecraft:interact_with_blast_furnace":2,"minecraft:walk_on_water_one_cm":30766,"minecraft:interact_with_smoker":4,"minecraft:fall_one_cm":28890},"minecraft:broken":{"minecraft:iron_chestplate":1},"minecraft:mined":{"minecraft:diamond_ore":3,"minecraft:white_bed":1,"minecraft:crafting_table":6,"minecraft:grass_block":1,"minecraft:tall_grass":1,"minecraft:hay_block":3,"minecraft:furnace":1,"minecraft:fire":1,"minecraft:iron_ore":12,"minecraft:grass":10,"minecraft:coal_ore":21,"minecraft:oak_log":37,"minecraft:stone":21,"minecraft:oak_leaves":8},"minecraft:dropped":{"minecraft:stone_axe":1,"mysticalworld:aubergine_seeds":1,"minecraft:stone_sword":1,"minecraft:ender_pearl":1,"minecraft:rotten_flesh":11,"minecraft:golden_apple":2,"paraglider:spirit_orb":8,"minecraft:diamond_chestplate":1,"tombstone:grave_key":1,"tombstone:grave_dust":1,"minecraft:stone_pickaxe":1,"minecraft:wooden_pickaxe":1,"iceandfire:armor_copper_metal_leggings":1},"minecraft:crafted":{"minecraft:cooked_beef":10,"minecraft:oak_planks":144,"minecraft:diamond_sword":1,"minecraft:diamond_axe":1,"minecraft:crafting_table":2,"minecraft:wooden_pickaxe":1,"iceandfire:dragon_stick":1,"minecraft:furnace":1,"iceandfire:dragon_flute":1,"minecraft:stone_axe":1,"minecraft:bread":9,"minecraft:air":0,"minecraft:diamond_helmet":1,"minecraft:diamond_leggings":1,"minecraft:bow":1,"minecraft:diamond_pickaxe":1,"minecraft:shield":1,"tombstone:grave_key":5,"minecraft:stick":12,"minecraft:iron_ingot":4,"minecraft:iron_pickaxe":1,"minecraft:stone_pickaxe":1,"minecraft:stone_sword":1,"minecraft:diamond_boots":1,"iceandfire:dragon_horn":1,"minecraft:white_bed":1,"minecraft:wheat":27,"minecraft:diamond_chestplate":2}},"DataVersion":2586}