{"stats":{"minecraft:mined":{"minecraft:cut_sandstone":2,"minecraft:stone_pressure_plate":1,"minecraft:white_bed":2,"minecraft:orange_terracotta":1,"minecraft:stone_brick_slab":15,"minecraft:crafting_table":4,"minecraft:dead_bush":10,"minecraft:sugar_cane":8,"minecraft:sandstone":9,"minecraft:chiseled_stone_bricks":2,"minecraft:furnace":1,"minecraft:birch_log":11,"minecraft:iron_ore":3,"minecraft:chiseled_sandstone":1,"minecraft:birch_leaves":1,"minecraft:grass":2,"minecraft:oak_log":21,"minecraft:sand":7,"minecraft:cobweb":7,"minecraft:cracked_stone_bricks":2,"minecraft:stone_bricks":1,"minecraft:stone":18,"minecraft:mossy_stone_bricks":1,"minecraft:oak_leaves":3},"minecraft:crafted":{"paraglider:paraglider":1,"minecraft:oak_planks":40,"minecraft:crafting_table":1,"minecraft:wooden_pickaxe":1,"minecraft:iron_sword":1,"minecraft:furnace":1,"minecraft:air":0,"minecraft:white_wool":1,"minecraft:shield":1,"minecraft:stick":16,"minecraft:iron_ingot":3,"minecraft:stone_pickaxe":1,"minecraft:torch":80},"minecraft:killed_by":{"iceandfire:deathworm":1,"iceandfire:hippogryph":4},"minecraft:broken":{"minecraft:leather_leggings":1},"minecraft:dropped":{"mysticalworld:owl_spawn_egg":1,"minecraft:iron_sword":1,"minecraft:rotten_flesh":2,"minecraft:spruce_planks":2,"advancednetherite:netherite_diamond_sword":1,"tombstone:grave_dust":2},"minecraft:custom":{"minecraft:interact_with_furnace":6,"minecraft:mob_kills":4,"minecraft:interact_with_crafting_table":15,"minecraft:open_barrel":4,"minecraft:play_one_minute":95099,"minecraft:leave_game":12,"minecraft:time_since_death":16614,"minecraft:sleep_in_bed":3,"minecraft:climb_one_cm":2243,"minecraft:time_since_rest":4714,"minecraft:sprint_one_cm":125766,"minecraft:damage_taken":2169,"minecraft:walk_one_cm":126632,"minecraft:damage_blocked_by_shield":1090,"minecraft:drop":9,"minecraft:damage_dealt":1016,"minecraft:swim_one_cm":5672,"minecraft:fly_one_cm":719335,"minecraft:open_chest":7,"minecraft:crouch_one_cm":3198,"tombstone:undead_killed":2,"minecraft:deaths":6,"minecraft:sneak_time":2706,"minecraft:walk_under_water_one_cm":2667,"minecraft:jump":828,"minecraft:walk_on_water_one_cm":11954,"minecraft:fall_one_cm":20297},"minecraft:used":{"minecraft:mossy_stone_bricks":1,"advancednetherite:netherite_diamond_sword":1,"minecraft:stone_pickaxe":40,"minecraft:oak_planks":9,"minecraft:wooden_pickaxe":17,"minecraft:shield":18,"minecraft:iron_sword":30,"minecraft:cracked_stone_bricks":2,"minecraft:torch":42,"minecraft:sand":2,"minecraft:crafting_table":4,"minecraft:white_bed":2,"minecraft:oak_log":1,"minecraft:apple":1,"mysticalworld:owl_spawn_egg":1,"minecraft:iron_axe":4,"minecraft:netherite_axe":23,"minecraft:birch_sapling":1,"minecraft:stone_bricks":1,"minecraft:chiseled_stone_bricks":2,"minecraft:cobblestone":6,"minecraft:bow":14,"iceandfire:dragon_skull_fire":1,"minecraft:furnace":1,"minecraft:oak_sapling":1,"tombstone:gift":3,"torchmaster:megatorch":3,"minecraft:cooked_beef":5,"minecraft:orange_terracotta":1},"minecraft:picked_up":{"minecraft:birch_log":11,"minecraft:crafting_table":4,"mysticalworld:lustrous_pearl":1,"minecraft:leather_leggings":1,"minecraft:cut_sandstone":2,"minecraft:oak_log":21,"minecraft:string":7,"iceandfire:sea_serpent_scales_teal":5,"minecraft:orange_terracotta":1,"minecraft:bone":4,"minecraft:apple":1,"minecraft:stone_bricks":1,"minecraft:cracked_stone_bricks":2,"minecraft:spruce_planks":1,"minecraft:iron_ore":3,"minecraft:mossy_stone_bricks":1,"minecraft:sugar_cane":12,"minecraft:birch_sapling":1,"minecraft:iron_sword":1,"minecraft:furnace":1,"minecraft:stick":9,"minecraft:sandstone":9,"iceandfire:dragonbone":18,"minecraft:chiseled_stone_bricks":2,"minecraft:stone_brick_slab":15,"minecraft:torch":4,"iceandfire:dragon_skull_fire":2,"minecraft:sand":7,"minecraft:white_bed":2,"minecraft:chiseled_sandstone":1,"minecraft:stone_pressure_plate":1,"minecraft:arrow":1,"minecraft:rotten_flesh":2,"minecraft:oak_sapling":1,"minecraft:cobblestone":23},"minecraft:killed":{"minecraft:husk":2,"minecraft:skeleton":1,"iceandfire:sea_serpent":1}},"DataVersion":2586}