{"stats":{"minecraft:mined":{"minecraft:grass":1,"minecraft:purple_bed":1,"minecraft:oak_log":8,"mysticalworld:stonepetal":1,"minecraft:stone":1,"minecraft:oak_leaves":1},"minecraft:used":{"minecraft:diamond_pickaxe":2,"minecraft:sweet_berries":2,"minecraft:bread":1,"tombstone:gift":1},"minecraft:dropped":{"minecraft:cobblestone":1,"minecraft:bread":3},"minecraft:crafted":{"minecraft:oak_planks":24,"minecraft:crafting_table":1,"minecraft:spruce_planks":4},"minecraft:custom":{"minecraft:time_since_rest":374,"minecraft:open_chest":13,"minecraft:crouch_one_cm":1239,"minecraft:play_one_minute":91188,"minecraft:deaths":3,"minecraft:sprint_one_cm":20618,"minecraft:damage_taken":1670,"minecraft:walk_one_cm":41426,"minecraft:sneak_time":1475,"minecraft:mob_kills":1,"minecraft:drop":4,"minecraft:interact_with_lectern":7,"minecraft:jump":182,"minecraft:damage_dealt":345,"minecraft:leave_game":8,"minecraft:walk_on_water_one_cm":566,"minecraft:time_since_death":446,"minecraft:talked_to_villager":1,"minecraft:fall_one_cm":16702,"minecraft:fly_one_cm":882798,"minecraft:player_kills":1},"minecraft:killed_by":{"iceandfire:cyclops":1},"minecraft:picked_up":{"minecraft:purple_bed":1,"mysticalworld:stonepetal":1,"minecraft:oak_log":6,"minecraft:bread":11,"minecraft:spruce_log":4,"minecraft:oak_planks":20,"minecraft:cobblestone":1}},"DataVersion":2586}