{"stats":{"minecraft:mined":{"minecraft:cut_sandstone":2,"minecraft:stone_pressure_plate":1,"minecraft:orange_terracotta":1,"minecraft:stone_brick_slab":15,"minecraft:crafting_table":1,"minecraft:dead_bush":10,"minecraft:sugar_cane":8,"minecraft:sandstone":9,"minecraft:chiseled_stone_bricks":2,"minecraft:furnace":1,"minecraft:birch_log":11,"minecraft:iron_ore":3,"minecraft:chiseled_sandstone":1,"minecraft:birch_leaves":1,"minecraft:grass":2,"minecraft:oak_log":21,"minecraft:sand":7,"minecraft:cobweb":7,"minecraft:cracked_stone_bricks":2,"minecraft:stone":17,"minecraft:oak_leaves":3},"minecraft:crafted":{"paraglider:paraglider":1,"minecraft:oak_planks":40,"minecraft:crafting_table":1,"minecraft:wooden_pickaxe":1,"minecraft:iron_sword":1,"minecraft:furnace":1,"minecraft:air":0,"minecraft:white_wool":1,"minecraft:shield":1,"minecraft:stick":16,"minecraft:iron_ingot":3,"minecraft:stone_pickaxe":1,"minecraft:torch":36},"minecraft:killed_by":{"iceandfire:deathworm":1,"iceandfire:hippogryph":4},"minecraft:broken":{"minecraft:leather_leggings":1},"minecraft:dropped":{"mysticalworld:owl_spawn_egg":1,"minecraft:iron_sword":1,"minecraft:rotten_flesh":2,"minecraft:spruce_planks":2,"advancednetherite:netherite_diamond_sword":1,"tombstone:grave_dust":2},"minecraft:custom":{"minecraft:interact_with_furnace":6,"minecraft:mob_kills":3,"minecraft:interact_with_crafting_table":11,"minecraft:open_barrel":4,"minecraft:play_one_minute":83099,"minecraft:leave_game":12,"minecraft:time_since_death":4614,"minecraft:sleep_in_bed":2,"minecraft:climb_one_cm":1154,"minecraft:time_since_rest":4358,"minecraft:sprint_one_cm":84881,"minecraft:damage_taken":2169,"minecraft:walk_one_cm":94548,"minecraft:damage_blocked_by_shield":1090,"minecraft:drop":9,"minecraft:damage_dealt":1016,"minecraft:swim_one_cm":2809,"minecraft:fly_one_cm":697724,"minecraft:open_chest":7,"minecraft:crouch_one_cm":3141,"tombstone:undead_killed":2,"minecraft:deaths":6,"minecraft:sneak_time":2630,"minecraft:walk_under_water_one_cm":658,"minecraft:jump":721,"minecraft:walk_on_water_one_cm":4748,"minecraft:fall_one_cm":19283},"minecraft:used":{"advancednetherite:netherite_diamond_sword":1,"minecraft:stone_pickaxe":37,"minecraft:oak_planks":7,"minecraft:wooden_pickaxe":17,"minecraft:shield":18,"minecraft:iron_sword":30,"minecraft:cracked_stone_bricks":2,"minecraft:torch":1,"minecraft:sand":2,"minecraft:crafting_table":1,"minecraft:white_bed":1,"minecraft:oak_log":1,"minecraft:apple":1,"mysticalworld:owl_spawn_egg":1,"minecraft:netherite_axe":23,"minecraft:birch_sapling":1,"minecraft:chiseled_stone_bricks":2,"minecraft:cobblestone":6,"iceandfire:dragon_skull_fire":1,"minecraft:furnace":1,"minecraft:oak_sapling":1,"tombstone:gift":3,"torchmaster:megatorch":3,"minecraft:cooked_beef":4,"minecraft:orange_terracotta":1},"minecraft:picked_up":{"minecraft:birch_log":11,"minecraft:crafting_table":1,"mysticalworld:lustrous_pearl":1,"minecraft:leather_leggings":1,"minecraft:cut_sandstone":2,"minecraft:oak_log":21,"minecraft:string":7,"minecraft:orange_terracotta":1,"minecraft:bone":4,"minecraft:apple":1,"minecraft:cracked_stone_bricks":2,"minecraft:spruce_planks":1,"minecraft:iron_ore":3,"minecraft:sugar_cane":12,"minecraft:birch_sapling":1,"minecraft:iron_sword":1,"minecraft:furnace":1,"minecraft:stick":9,"minecraft:sandstone":9,"iceandfire:dragonbone":18,"minecraft:chiseled_stone_bricks":2,"minecraft:stone_brick_slab":15,"iceandfire:dragon_skull_fire":2,"minecraft:sand":7,"minecraft:chiseled_sandstone":1,"minecraft:stone_pressure_plate":1,"minecraft:arrow":1,"minecraft:rotten_flesh":2,"minecraft:oak_sapling":1,"minecraft:cobblestone":23},"minecraft:killed":{"minecraft:husk":2,"minecraft:skeleton":1}},"DataVersion":2586}