{"stats":{"minecraft:mined":{"minecraft:stone":1,"mysticalworld:stonepetal":1},"minecraft:used":{"minecraft:diamond_pickaxe":2},"minecraft:dropped":{"minecraft:cobblestone":1},"minecraft:custom":{"minecraft:jump":49,"minecraft:open_chest":2,"minecraft:time_since_rest":39228,"minecraft:damage_taken":300,"minecraft:play_one_minute":67188,"minecraft:crouch_one_cm":62,"minecraft:leave_game":8,"minecraft:time_since_death":41627,"minecraft:sprint_one_cm":3091,"minecraft:walk_one_cm":7676,"minecraft:walk_on_water_one_cm":316,"minecraft:deaths":1,"minecraft:sneak_time":305,"minecraft:drop":1,"minecraft:fall_one_cm":3212,"minecraft:fly_one_cm":542432},"minecraft:picked_up":{"mysticalworld:stonepetal":1,"minecraft:cobblestone":1}},"DataVersion":2586}