{"stats":{"minecraft:mined":{"minecraft:grass":1,"minecraft:purple_bed":1,"minecraft:oak_log":8,"mysticalworld:stonepetal":1,"minecraft:stone":1,"minecraft:oak_leaves":1},"minecraft:used":{"minecraft:diamond_pickaxe":2,"minecraft:bow":64,"minecraft:sweet_berries":2,"minecraft:bread":1,"tombstone:gift":1},"minecraft:dropped":{"tombstone:grave_dust":1,"minecraft:cobblestone":1,"minecraft:bread":3,"twilightforest:ice_bow":1},"minecraft:crafted":{"minecraft:oak_planks":24,"minecraft:crafting_table":1,"minecraft:spruce_planks":4},"minecraft:custom":{"minecraft:time_since_rest":6166,"minecraft:open_chest":14,"minecraft:crouch_one_cm":1887,"minecraft:play_one_minute":103188,"minecraft:deaths":4,"minecraft:sprint_one_cm":25393,"minecraft:damage_taken":1790,"minecraft:walk_one_cm":51181,"minecraft:sneak_time":1963,"minecraft:mob_kills":2,"minecraft:drop":6,"minecraft:interact_with_lectern":7,"minecraft:jump":238,"minecraft:damage_dealt":478,"minecraft:leave_game":8,"minecraft:walk_on_water_one_cm":566,"minecraft:time_since_death":6221,"minecraft:talked_to_villager":1,"minecraft:fall_one_cm":17934,"minecraft:fly_one_cm":968962,"minecraft:player_kills":1},"minecraft:killed_by":{"iceandfire:cyclops":1},"minecraft:picked_up":{"minecraft:purple_bed":1,"mysticalworld:stonepetal":1,"minecraft:oak_log":6,"minecraft:bread":11,"minecraft:spruce_log":4,"mysticalworld:raw_squid":1,"minecraft:oak_planks":20,"minecraft:cobblestone":1}},"DataVersion":2586}