{"stats":{"minecraft:dropped":{"mysticalworld:owl_spawn_egg":1,"minecraft:iron_sword":1,"minecraft:rotten_flesh":2,"minecraft:spruce_planks":2,"advancednetherite:netherite_diamond_sword":1,"minecraft:ladder":1,"tombstone:grave_dust":2},"minecraft:used":{"minecraft:water_bucket":7,"advancednetherite:netherite_diamond_sword":1,"minecraft:mossy_stone_bricks":1,"minecraft:stone_pickaxe":41,"minecraft:baked_potato":2,"minecraft:oak_planks":9,"minecraft:wooden_pickaxe":17,"minecraft:shield":51,"minecraft:iron_sword":107,"minecraft:cracked_stone_bricks":2,"minecraft:torch":46,"minecraft:sand":4,"minecraft:crafting_table":7,"minecraft:white_bed":6,"minecraft:milk_bucket":1,"minecraft:dark_oak_planks":7,"minecraft:oak_log":1,"minecraft:apple":2,"mysticalworld:owl_spawn_egg":1,"minecraft:iron_axe":13,"minecraft:netherite_axe":23,"minecraft:birch_sapling":1,"minecraft:stone_bricks":1,"minecraft:chiseled_stone_bricks":2,"minecraft:cobblestone":7,"minecraft:bow":78,"iceandfire:dragon_skull_fire":1,"minecraft:cooked_cod":1,"minecraft:oak_sapling":1,"minecraft:furnace":1,"minecraft:bucket":8,"tombstone:gift":3,"torchmaster:megatorch":3,"minecraft:oak_boat":2,"minecraft:cooked_beef":6,"minecraft:orange_terracotta":1},"minecraft:mined":{"minecraft:cut_sandstone":2,"minecraft:stone_pressure_plate":1,"minecraft:white_bed":4,"minecraft:orange_terracotta":1,"minecraft:stone_brick_slab":15,"minecraft:crafting_table":6,"minecraft:dead_bush":10,"minecraft:sugar_cane":8,"minecraft:sandstone":9,"minecraft:chiseled_stone_bricks":2,"minecraft:smooth_stone":1,"minecraft:furnace":1,"minecraft:birch_log":11,"minecraft:iron_ore":3,"minecraft:chiseled_sandstone":1,"minecraft:birch_leaves":1,"minecraft:grass":3,"minecraft:oak_log":21,"minecraft:sand":9,"minecraft:cobweb":7,"minecraft:cracked_stone_bricks":2,"minecraft:stone":18,"minecraft:stone_bricks":1,"minecraft:mossy_stone_bricks":1,"minecraft:oak_leaves":3},"minecraft:broken":{"minecraft:leather_leggings":1},"minecraft:custom":{"minecraft:interact_with_furnace":6,"minecraft:mob_kills":25,"tombstone:raider_killed":10,"minecraft:tune_noteblock":2,"minecraft:interact_with_crafting_table":19,"minecraft:open_barrel":22,"minecraft:play_one_minute":142949,"minecraft:leave_game":12,"minecraft:time_since_death":8156,"minecraft:sleep_in_bed":5,"minecraft:climb_one_cm":5795,"minecraft:time_since_rest":7853,"minecraft:sprint_one_cm":183365,"minecraft:damage_taken":2147483647,"minecraft:walk_one_cm":230056,"minecraft:damage_blocked_by_shield":2052,"minecraft:drop":10,"minecraft:damage_dealt":5121,"minecraft:swim_one_cm":31228,"minecraft:fly_one_cm":841507,"minecraft:open_chest":14,"minecraft:crouch_one_cm":4522,"tombstone:undead_killed":6,"minecraft:deaths":31,"minecraft:sneak_time":3466,"minecraft:walk_under_water_one_cm":15309,"minecraft:boat_one_cm":46918,"minecraft:jump":1337,"minecraft:walk_on_water_one_cm":42608,"minecraft:fall_one_cm":26053,"minecraft:inspect_dispenser":1},"minecraft:crafted":{"paraglider:paraglider":1,"minecraft:oak_planks":40,"minecraft:crafting_table":2,"minecraft:wooden_pickaxe":1,"minecraft:iron_helmet":1,"minecraft:iron_sword":1,"minecraft:furnace":1,"minecraft:birch_planks":16,"minecraft:air":0,"minecraft:oak_boat":1,"minecraft:iron_chestplate":1,"minecraft:white_wool":1,"minecraft:shield":2,"minecraft:stick":16,"minecraft:iron_ingot":3,"minecraft:stone_pickaxe":1,"minecraft:dark_oak_planks":8,"minecraft:torch":80},"minecraft:killed":{"minecraft:husk":2,"minecraft:witch":2,"minecraft:zombie_villager":2,"iceandfire:cyclops":1,"iceandfire:gorgon":1,"minecraft:sheep":5,"minecraft:skeleton":2,"minecraft:pillager":8,"iceandfire:sea_serpent":1},"minecraft:killed_by":{"iceandfire:gorgon":6,"minecraft:zombie_villager":7,"iceandfire:deathworm":2,"minecraft:skeleton":1,"minecraft:creeper":3,"minecraft:witch":3,"minecraft:pillager":4,"iceandfire:hippogryph":4},"minecraft:picked_up":{"minecraft:birch_log":11,"minecraft:wheat":1,"minecraft:crafting_table":6,"minecraft:ladder":3,"mysticalworld:lustrous_pearl":1,"minecraft:leather_leggings":1,"minecraft:cut_sandstone":2,"minecraft:leather":2,"minecraft:potion":1,"minecraft:oak_log":21,"minecraft:gunpowder":1,"minecraft:string":7,"minecraft:dark_oak_trapdoor":1,"iceandfire:sea_serpent_scales_teal":5,"minecraft:orange_terracotta":1,"minecraft:bone":4,"minecraft:apple":1,"minecraft:stone_bricks":1,"minecraft:cracked_stone_bricks":2,"minecraft:wheat_seeds":2,"minecraft:smooth_stone":1,"minecraft:spruce_planks":1,"minecraft:oak_boat":1,"minecraft:iron_ore":3,"minecraft:cobblestone_slab":1,"minecraft:mossy_stone_bricks":1,"minecraft:light_gray_wool":1,"minecraft:glowstone_dust":2,"minecraft:sugar_cane":12,"minecraft:birch_sapling":1,"minecraft:iron_sword":1,"minecraft:furnace":1,"minecraft:stick":9,"minecraft:sandstone":9,"iceandfire:dragonbone":18,"minecraft:chiseled_stone_bricks":2,"minecraft:stone_brick_slab":15,"minecraft:torch":4,"minecraft:spruce_stairs":1,"iceandfire:dragon_skull_fire":2,"minecraft:sand":9,"minecraft:white_bed":4,"minecraft:chiseled_sandstone":1,"minecraft:spider_eye":2,"minecraft:stone_pressure_plate":1,"minecraft:arrow":1,"minecraft:rotten_flesh":9,"iceandfire:deathworm_chitin_yellow":2,"minecraft:crossbow":1,"minecraft:stripped_dark_oak_log":2,"iceandfire:gorgon_head":2,"minecraft:oak_sapling":1,"minecraft:mutton":16,"minecraft:white_wool":4,"minecraft:cobblestone":25}},"DataVersion":2586}