{"stats":{"minecraft:mined":{"minecraft:grass":2,"minecraft:oak_log":10,"minecraft:birch_log":11,"minecraft:oak_leaves":1},"minecraft:dropped":{"tombstone:grave_dust":2,"minecraft:rotten_flesh":2,"mysticalworld:owl_spawn_egg":1,"minecraft:spruce_planks":2,"advancednetherite:netherite_diamond_sword":1},"minecraft:custom":{"minecraft:time_since_rest":23170,"minecraft:play_one_minute":41268,"minecraft:crouch_one_cm":400,"minecraft:damage_taken":260,"minecraft:sprint_one_cm":17587,"minecraft:walk_one_cm":20705,"minecraft:deaths":1,"minecraft:sneak_time":589,"minecraft:walk_under_water_one_cm":246,"minecraft:mob_kills":1,"minecraft:drop":8,"minecraft:jump":149,"minecraft:damage_dealt":208,"minecraft:leave_game":12,"minecraft:time_since_death":25001,"minecraft:walk_on_water_one_cm":444,"minecraft:fall_one_cm":1045,"minecraft:fly_one_cm":232809,"minecraft:open_barrel":4},"minecraft:used":{"advancednetherite:netherite_diamond_sword":1,"mysticalworld:owl_spawn_egg":1,"minecraft:netherite_axe":23,"tombstone:gift":2,"torchmaster:megatorch":3},"minecraft:picked_up":{"minecraft:birch_log":11,"minecraft:rotten_flesh":2,"minecraft:spruce_planks":1,"minecraft:oak_log":10},"minecraft:killed":{"minecraft:husk":1}},"DataVersion":2586}