{"stats":{"minecraft:killed":{"aquamirae:maw":1,"minecraft:pig":1,"minecraft:spider":1,"minecraft:sheep":8,"minecraft:skeleton":2,"minecraft:pillager":1,"minecraft:zombie":6,"minecraft:chicken":1,"iceandfire:lightning_dragon":1,"minecraft:cow":6},"minecraft:dropped":{"mysticalworld:aubergine_seeds":1,"paraglider:spirit_orb":8,"minecraft:diamond_chestplate":1,"tombstone:grave_dust":1,"minecraft:stone_pickaxe":1,"iceandfire:armor_copper_metal_leggings":1},"minecraft:killed_by":{"minecraft:skeleton":1,"minecraft:creeper":1,"iceandfire:lightning_dragon":1},"minecraft:mined":{"minecraft:diamond_ore":3,"minecraft:white_bed":1,"minecraft:crafting_table":3,"minecraft:tall_grass":1,"minecraft:hay_block":3,"minecraft:furnace":1,"minecraft:iron_ore":12,"minecraft:grass":6,"minecraft:oak_log":37,"minecraft:coal_ore":21,"minecraft:stone":21,"minecraft:oak_leaves":1},"minecraft:picked_up":{"iceandfire:dragon_skull_lightning":1,"iceandfire:dragonscales_black":49,"minecraft:crafting_table":3,"minecraft:feather":2,"minecraft:chicken":1,"minecraft:leather":7,"minecraft:oak_log":36,"aquamirae:fin":1,"minecraft:bone":1,"minecraft:apple":6,"minecraft:beef":11,"minecraft:iron_ore":12,"minecraft:light_gray_wool":1,"minecraft:furnace":1,"iceandfire:dragonegg_black":1,"minecraft:stick":11,"iceandfire:dragonbone":16,"iceandfire:lightning_dragon_flesh":3,"minecraft:porkchop":1,"tombstone:grave_dust":2,"iceandfire:lightning_dragon_heart":1,"minecraft:white_bed":1,"minecraft:arrow":1,"minecraft:rotten_flesh":3,"minecraft:diamond":3,"iceandfire:crackled_stone":12,"mysticalworld:aubergine_seeds":1,"minecraft:hay_block":3,"minecraft:oak_sapling":12,"minecraft:mutton":12,"minecraft:coal":21,"minecraft:cobblestone":21,"minecraft:white_wool":7},"minecraft:used":{"minecraft:water_bucket":1,"minecraft:stone_sword":95,"minecraft:stone_pickaxe":8,"minecraft:oak_sign":2,"minecraft:shield":3,"minecraft:wooden_pickaxe":17,"minecraft:white_wool":1,"minecraft:torch":6,"minecraft:sand":25,"minecraft:crafting_table":3,"minecraft:carrot":1,"minecraft:white_bed":2,"minecraft:milk_bucket":1,"minecraft:honey_bottle":2,"minecraft:oak_log":26,"minecraft:dark_oak_planks":84,"minecraft:sea_lantern":4,"minecraft:apple":3,"minecraft:bread":3,"minecraft:iron_pickaxe":33,"tombstone:grave_key":1,"aquamirae:fin":1,"minecraft:stone_axe":11,"minecraft:light_gray_wool":1,"minecraft:diamond_sword":13,"minecraft:furnace":1,"minecraft:oak_sapling":12,"minecraft:porkchop":1,"minecraft:bucket":2,"tombstone:gift":1,"minecraft:cooked_beef":2,"minecraft:splash_potion":368},"minecraft:custom":{"minecraft:interact_with_furnace":7,"minecraft:interact_with_anvil":1,"minecraft:mob_kills":28,"tombstone:raider_killed":1,"minecraft:interact_with_crafting_table":19,"minecraft:open_barrel":15,"minecraft:play_one_minute":123598,"minecraft:leave_game":5,"minecraft:time_since_death":4586,"minecraft:sleep_in_bed":4,"minecraft:climb_one_cm":628,"minecraft:time_since_rest":4234,"minecraft:sprint_one_cm":74906,"minecraft:damage_taken":2332,"minecraft:walk_one_cm":170193,"minecraft:damage_blocked_by_shield":120,"minecraft:drop":6,"minecraft:damage_dealt":4301,"minecraft:player_kills":1,"minecraft:fly_one_cm":1333694,"minecraft:open_chest":16,"minecraft:crouch_one_cm":8174,"tombstone:undead_killed":8,"minecraft:deaths":3,"minecraft:sneak_time":4304,"minecraft:walk_under_water_one_cm":23291,"minecraft:jump":546,"minecraft:interact_with_blast_furnace":2,"minecraft:walk_on_water_one_cm":22055,"minecraft:interact_with_smoker":4,"minecraft:fall_one_cm":13560},"minecraft:crafted":{"minecraft:cooked_beef":10,"minecraft:oak_planks":144,"minecraft:diamond_sword":1,"minecraft:crafting_table":1,"minecraft:wooden_pickaxe":1,"minecraft:furnace":1,"minecraft:stone_axe":1,"minecraft:bread":9,"minecraft:air":0,"minecraft:diamond_helmet":1,"minecraft:diamond_leggings":1,"minecraft:diamond_pickaxe":1,"minecraft:shield":1,"tombstone:grave_key":1,"minecraft:stick":12,"minecraft:iron_ingot":4,"minecraft:iron_pickaxe":1,"minecraft:stone_pickaxe":1,"minecraft:stone_sword":1,"minecraft:diamond_boots":1,"minecraft:white_bed":1,"minecraft:diamond_chestplate":1,"minecraft:wheat":27}},"DataVersion":2586}