{"stats":{"minecraft:killed":{"minecraft:spider":2,"minecraft:skeleton":4,"iceandfire:fire_dragon":1,"minecraft:chicken":2,"mysticalworld:beetle":1,"minecraft:husk":1,"aquamirae:maw":1,"minecraft:pig":1,"minecraft:sheep":8,"minecraft:pillager":1,"minecraft:zombie":16,"iceandfire:lightning_dragon":1,"minecraft:cow":7},"minecraft:broken":{"minecraft:iron_chestplate":1},"minecraft:used":{"minecraft:stone_sword":95,"minecraft:ladder":6,"minecraft:oak_sign":2,"minecraft:shield":4,"minecraft:torch":6,"minecraft:dirt":1,"minecraft:carrot":1,"minecraft:milk_bucket":1,"minecraft:honey_bottle":2,"minecraft:dark_oak_planks":505,"minecraft:sea_lantern":42,"minecraft:grass_block":2,"aquamirae:fin":2,"minecraft:light_gray_wool":1,"minecraft:furnace":1,"minecraft:oak_sapling":12,"tombstone:gift":6,"minecraft:cooked_beef":10,"minecraft:water_bucket":1,"minecraft:birch_planks":107,"minecraft:stripped_birch_log":300,"minecraft:stone_pickaxe":8,"minecraft:ender_pearl":1,"minecraft:wooden_pickaxe":17,"minecraft:diamond_axe":11,"minecraft:white_wool":1,"minecraft:jungle_wood":265,"minecraft:golden_apple":4,"minecraft:sand":95,"minecraft:crafting_table":6,"minecraft:white_bed":2,"minecraft:oak_log":26,"iceandfire:dragonegg_black":1,"minecraft:apple":3,"minecraft:bread":5,"minecraft:iron_pickaxe":33,"iceandfire:dragon_horn":1,"tombstone:magic_scroll":1,"tombstone:grave_key":3,"minecraft:stone_axe":11,"minecraft:diamond_sword":117,"minecraft:porkchop":1,"minecraft:bucket":2,"minecraft:splash_potion":370},"minecraft:custom":{"minecraft:mob_kills":46,"minecraft:interact_with_anvil":1,"minecraft:interact_with_crafting_table":24,"minecraft:open_barrel":15,"minecraft:leave_game":17,"minecraft:time_since_death":211517,"minecraft:climb_one_cm":4036,"minecraft:sprint_one_cm":155765,"minecraft:walk_one_cm":385188,"minecraft:damage_blocked_by_shield":160,"minecraft:drop":26,"minecraft:deaths":8,"minecraft:sneak_time":7797,"minecraft:walk_under_water_one_cm":57301,"minecraft:jump":1361,"minecraft:interact_with_blast_furnace":2,"minecraft:walk_on_water_one_cm":39980,"minecraft:interact_with_furnace":7,"tombstone:raider_killed":1,"minecraft:play_one_minute":350626,"minecraft:sleep_in_bed":6,"minecraft:time_since_rest":7762,"minecraft:damage_taken":6551,"minecraft:damage_absorbed":100,"minecraft:damage_dealt":9888,"minecraft:swim_one_cm":6881,"minecraft:fly_one_cm":2336618,"minecraft:player_kills":1,"minecraft:open_chest":21,"minecraft:crouch_one_cm":15331,"tombstone:undead_killed":21,"minecraft:interact_with_smoker":4,"minecraft:fall_one_cm":28890},"minecraft:picked_up":{"iceandfire:dragon_skull_lightning":1,"minecraft:crafting_table":6,"minecraft:azure_bluet":1,"minecraft:chicken":2,"minecraft:diamond_sword":1,"mysticalworld:carapace":2,"minecraft:beef":14,"minecraft:light_gray_wool":1,"minecraft:furnace":1,"minecraft:stick":11,"iceandfire:dragonbone":16,"minecraft:porkchop":1,"iceandfire:lightning_dragon_flesh":3,"tombstone:grave_dust":3,"minecraft:arrow":3,"minecraft:rotten_flesh":11,"mysticalworld:aubergine_seeds":3,"minecraft:hay_block":3,"minecraft:mutton":12,"minecraft:cobblestone":21,"minecraft:white_wool":7,"iceandfire:dragonscales_black":49,"minecraft:feather":4,"minecraft:leather":7,"minecraft:birch_planks":1,"minecraft:oak_log":36,"minecraft:dirt":1,"aquamirae:fin":1,"minecraft:bone":9,"minecraft:apple":6,"minecraft:bow":2,"minecraft:wheat_seeds":1,"minecraft:iron_ingot":1,"minecraft:iron_ore":12,"iceandfire:dragonegg_black":1,"minecraft:sand":4,"minecraft:white_bed":1,"iceandfire:lightning_dragon_heart":1,"minecraft:diamond":3,"iceandfire:crackled_stone":12,"tombstone:magic_scroll":1,"minecraft:oak_sapling":12,"minecraft:coal":21,"minecraft:sunflower":1},"minecraft:killed_by":{"minecraft:creeper":1,"minecraft:skeleton":1,"iceandfire:lightning_dragon":1,"iceandfire:fire_dragon":5},"minecraft:crafted":{"minecraft:oak_planks":144,"iceandfire:dragon_stick":1,"minecraft:furnace":1,"iceandfire:dragon_flute":1,"minecraft:diamond_helmet":1,"minecraft:bow":1,"minecraft:diamond_leggings":1,"tombstone:grave_key":5,"minecraft:stone_pickaxe":1,"minecraft:diamond_boots":1,"minecraft:wheat":27,"minecraft:cooked_beef":10,"minecraft:diamond_sword":1,"minecraft:diamond_axe":1,"minecraft:crafting_table":2,"minecraft:wooden_pickaxe":1,"minecraft:stone_axe":1,"minecraft:bread":9,"minecraft:air":0,"minecraft:diamond_pickaxe":1,"minecraft:shield":1,"minecraft:stick":12,"minecraft:iron_ingot":4,"minecraft:iron_pickaxe":1,"minecraft:stone_sword":1,"iceandfire:dragon_horn":1,"minecraft:white_bed":1,"minecraft:diamond_chestplate":2},"minecraft:mined":{"minecraft:diamond_ore":3,"minecraft:white_bed":1,"minecraft:grass_block":1,"minecraft:hay_block":3,"minecraft:furnace":1,"minecraft:iron_ore":12,"minecraft:fire":1,"minecraft:stone":21,"minecraft:crafting_table":6,"minecraft:tall_grass":1,"minecraft:grass":10,"minecraft:oak_log":37,"minecraft:coal_ore":21,"minecraft:oak_leaves":8},"minecraft:dropped":{"minecraft:birch_planks":1,"mysticalworld:aubergine_seeds":1,"minecraft:ender_pearl":1,"minecraft:golden_apple":2,"paraglider:spirit_orb":8,"tombstone:grave_key":1,"tombstone:grave_dust":1,"minecraft:stone_axe":1,"minecraft:stone_sword":1,"minecraft:rotten_flesh":11,"minecraft:diamond_sword":1,"minecraft:diamond_chestplate":1,"minecraft:stone_pickaxe":1,"minecraft:wooden_pickaxe":1,"iceandfire:armor_copper_metal_leggings":1}},"DataVersion":2586}