{"stats":{"minecraft:killed":{"minecraft:sheep":5,"minecraft:chicken":1,"minecraft:cow":1},"minecraft:mined":{"minecraft:furnace":1,"minecraft:iron_ore":4,"minecraft:crafting_table":1,"minecraft:oak_log":37,"minecraft:stone":20,"minecraft:oak_leaves":1},"minecraft:picked_up":{"minecraft:stick":11,"minecraft:crafting_table":1,"minecraft:feather":2,"minecraft:chicken":1,"minecraft:leather":2,"minecraft:oak_log":36,"minecraft:apple":6,"minecraft:beef":2,"minecraft:iron_ore":4,"minecraft:light_gray_wool":1,"minecraft:oak_sapling":12,"minecraft:mutton":8,"minecraft:white_wool":4,"minecraft:cobblestone":20,"minecraft:furnace":1},"minecraft:used":{"minecraft:oak_log":26,"minecraft:stone_sword":12,"minecraft:apple":3,"minecraft:stone_pickaxe":8,"minecraft:wooden_pickaxe":17,"minecraft:stone_axe":4,"minecraft:crafting_table":1,"minecraft:oak_sapling":12,"minecraft:furnace":1},"minecraft:custom":{"minecraft:time_since_rest":57598,"minecraft:interact_with_furnace":5,"minecraft:sprint_one_cm":17841,"minecraft:damage_taken":110,"minecraft:walk_one_cm":17940,"minecraft:mob_kills":7,"minecraft:damage_dealt":636,"minecraft:interact_with_crafting_table":9,"minecraft:fly_one_cm":529988,"minecraft:play_one_minute":57598,"minecraft:crouch_one_cm":1393,"minecraft:sneak_time":1132,"minecraft:walk_under_water_one_cm":755,"minecraft:jump":118,"minecraft:leave_game":5,"minecraft:time_since_death":57598,"minecraft:walk_on_water_one_cm":3250,"minecraft:fall_one_cm":3443},"minecraft:crafted":{"minecraft:oak_planks":44,"minecraft:shield":1,"minecraft:crafting_table":1,"minecraft:stick":4,"minecraft:wooden_pickaxe":1,"minecraft:iron_ingot":4,"minecraft:iron_pickaxe":1,"minecraft:stone_pickaxe":1,"minecraft:stone_sword":1,"minecraft:furnace":1,"minecraft:stone_axe":1,"minecraft:air":0}},"DataVersion":2586}