{"stats":{"minecraft:mined":{"minecraft:grass":2,"minecraft:oak_log":10,"minecraft:birch_log":11,"minecraft:oak_leaves":1},"minecraft:custom":{"minecraft:time_since_rest":4488,"minecraft:crouch_one_cm":236,"minecraft:play_one_minute":22586,"minecraft:sprint_one_cm":4957,"minecraft:deaths":1,"minecraft:damage_taken":260,"minecraft:walk_one_cm":9969,"minecraft:sneak_time":190,"minecraft:mob_kills":1,"minecraft:drop":8,"minecraft:jump":62,"minecraft:damage_dealt":198,"minecraft:leave_game":9,"minecraft:time_since_death":6319,"minecraft:fall_one_cm":1045,"minecraft:fly_one_cm":46786},"minecraft:killed":{"minecraft:husk":1},"minecraft:dropped":{"tombstone:grave_dust":2,"minecraft:rotten_flesh":2,"mysticalworld:owl_spawn_egg":1,"minecraft:spruce_planks":2,"advancednetherite:netherite_diamond_sword":1},"minecraft:used":{"advancednetherite:netherite_diamond_sword":1,"mysticalworld:owl_spawn_egg":1,"minecraft:netherite_axe":23,"tombstone:gift":2},"minecraft:picked_up":{"minecraft:birch_log":11,"minecraft:rotten_flesh":2,"minecraft:spruce_planks":1,"minecraft:oak_log":10}},"DataVersion":2586}