{"stats":{"minecraft:mined":{"minecraft:red_carpet":4,"minecraft:spruce_planks":2,"minecraft:crafting_table":1,"minecraft:grass_block":2,"minecraft:lectern":1,"minecraft:cobblestone":3,"twilightforest:potted_time_sapling":1,"minecraft:oak_planks":2,"minecraft:spawner":3,"twilightforest:potted_mushgloom":1,"minecraft:purple_bed":1,"minecraft:spruce_log":8,"minecraft:birch_leaves":3,"minecraft:black_bed":1,"minecraft:enchanting_table":1,"minecraft:grass":1,"minecraft:oak_log":8,"minecraft:coal_ore":11,"twilightforest:potted_twilight_oak_sapling":1,"minecraft:gravel":2,"minecraft:dirt":2,"mysticalworld:stonepetal":1,"minecraft:cobweb":3,"minecraft:cracked_stone_bricks":2,"minecraft:stone":25,"minecraft:polished_andesite":3,"minecraft:oak_leaves":1},"minecraft:used":{"minecraft:cooked_mutton":1,"minecraft:stone_pickaxe":22,"minecraft:polished_andesite":1,"minecraft:baked_potato":5,"minecraft:oak_planks":2,"minecraft:ender_pearl":1,"minecraft:wooden_pickaxe":27,"minecraft:spruce_planks":7,"minecraft:shield":16,"minecraft:iron_sword":21,"minecraft:orange_bed":1,"minecraft:torch":103,"minecraft:crafting_table":3,"minecraft:black_bed":1,"minecraft:spruce_log":1,"mowziesmobs:wrought_axe":3,"minecraft:diamond_pickaxe":2,"minecraft:bread":1,"minecraft:map":1,"iceandfire:dragonsteel_ice_axe":16,"tombstone:grave_key":11,"minecraft:spruce_sapling":2,"minecraft:potion":6,"minecraft:stone_axe":30,"minecraft:cobblestone":1,"minecraft:bow":64,"minecraft:sweet_berries":2,"minecraft:oak_sapling":5,"tombstone:gift":3,"minecraft:egg":1,"minecraft:cooked_beef":5},"minecraft:dropped":{"iceandfire:dragonsteel_ice_boots":1,"twilightforest:ice_bow":1,"minecraft:bread":3,"minecraft:stone_axe":1,"minecraft:baked_potato":6,"minecraft:glass_bottle":1,"minecraft:cobblestone":2,"minecraft:rotten_flesh":2,"iceandfire:dragonsteel_ice_chestplate":1,"twilightforest:twilight_oak_sapling":1,"mysticalworld:encyclopedia":1,"minecraft:red_carpet":2,"minecraft:polished_andesite":1,"minecraft:potato":3,"minecraft:purple_bed":1,"tombstone:grave_key":4,"iceandfire:dragonsteel_ice_leggings":1,"tombstone:grave_dust":3,"minecraft:arrow":1,"minecraft:bow":1,"iceandfire:dragonsteel_ice_helmet":1,"twilightforest:rainboak_sapling":1},"minecraft:killed":{"minecraft:cave_spider":4,"minecraft:spider":11,"minecraft:skeleton":4,"mowziesmobs:ferrous_wroughtnaut":1,"minecraft:zombie":1,"minecraft:enderman":1},"minecraft:crafted":{"minecraft:oak_planks":24,"minecraft:crafting_table":2,"minecraft:spruce_planks":36,"minecraft:wooden_pickaxe":1,"minecraft:stone_axe":1,"minecraft:shield":2,"tombstone:grave_key":5,"minecraft:stick":8,"minecraft:stone_pickaxe":1,"minecraft:stone_sword":1,"minecraft:torch":8},"minecraft:custom":{"minecraft:interact_with_furnace":1,"minecraft:mob_kills":26,"minecraft:interact_with_crafting_table":5,"minecraft:open_barrel":2,"minecraft:play_one_minute":192955,"minecraft:interact_with_stonecutter":1,"minecraft:leave_game":9,"minecraft:time_since_death":7607,"minecraft:sleep_in_bed":5,"minecraft:time_since_rest":7303,"minecraft:sprint_one_cm":220213,"minecraft:damage_taken":13086,"minecraft:walk_one_cm":311562,"minecraft:damage_blocked_by_shield":2530,"minecraft:drop":32,"minecraft:damage_dealt":5216,"minecraft:swim_one_cm":2183,"minecraft:talked_to_villager":1,"minecraft:fly_one_cm":1602161,"minecraft:player_kills":2,"minecraft:open_chest":79,"minecraft:crouch_one_cm":6810,"tombstone:undead_killed":5,"minecraft:deaths":32,"minecraft:sneak_time":4103,"minecraft:walk_under_water_one_cm":1129,"minecraft:interact_with_lectern":7,"minecraft:jump":1084,"minecraft:walk_on_water_one_cm":3076,"minecraft:fall_one_cm":47721},"minecraft:killed_by":{"mowziesmobs:ferrous_wroughtnaut":24,"iceandfire:cyclops":1,"minecraft:skeleton":2,"minecraft:vex":1},"minecraft:broken":{"minecraft:shield":2,"minecraft:golden_helmet":1,"minecraft:iron_boots":1,"minecraft:iron_chestplate":1,"minecraft:iron_leggings":1},"minecraft:picked_up":{"minecraft:enchanting_table":1,"minecraft:crafting_table":1,"iceandfire:dragonsteel_ice_helmet":1,"minecraft:black_bed":1,"paraglider:spirit_orb":6,"tombstone:grave_key":1,"minecraft:oak_log":6,"mowziesmobs:wrought_axe":1,"minecraft:string":4,"minecraft:dirt":16,"minecraft:red_carpet":5,"mysticalworld:raw_squid":1,"minecraft:bone":5,"minecraft:bow":2,"mysticalworld:stonepetal":1,"minecraft:cracked_stone_bricks":1,"minecraft:spruce_planks":2,"minecraft:lectern":1,"minecraft:egg":1,"minecraft:oak_planks":22,"minecraft:iron_boots":1,"iceandfire:dragonsteel_ice_boots":1,"minecraft:stick":3,"minecraft:torch":10,"iceandfire:dragonsteel_ice_leggings":1,"iceandfire:rotten_egg":1,"iceandfire:dragonsteel_ice_chestplate":1,"mowziesmobs:wrought_helmet":1,"minecraft:spruce_sapling":2,"tombstone:grave_dust":1,"minecraft:spruce_log":13,"minecraft:spider_eye":2,"minecraft:stone_axe":1,"minecraft:arrow":1,"minecraft:polished_andesite":3,"minecraft:purple_bed":2,"minecraft:rotten_flesh":2,"twilightforest:twilight_oak_sapling":1,"minecraft:bread":11,"minecraft:oak_sapling":5,"minecraft:coal":11,"minecraft:cobblestone":26,"minecraft:ender_pearl":1}},"DataVersion":2586}