{"stats":{"minecraft:crafted":{"minecraft:oak_planks":40,"minecraft:crafting_table":1,"minecraft:wooden_pickaxe":1,"minecraft:iron_sword":1,"minecraft:furnace":1,"minecraft:air":0,"minecraft:shield":1,"minecraft:stick":8,"minecraft:iron_ingot":3,"minecraft:stone_pickaxe":1},"minecraft:mined":{"minecraft:cut_sandstone":2,"minecraft:stone_pressure_plate":1,"minecraft:orange_terracotta":1,"minecraft:crafting_table":1,"minecraft:dead_bush":6,"minecraft:sugar_cane":8,"minecraft:sandstone":9,"minecraft:furnace":1,"minecraft:birch_log":11,"minecraft:iron_ore":3,"minecraft:chiseled_sandstone":1,"minecraft:birch_leaves":1,"minecraft:grass":2,"minecraft:oak_log":21,"minecraft:sand":5,"minecraft:stone":17,"minecraft:oak_leaves":3},"minecraft:killed_by":{"iceandfire:hippogryph":2},"minecraft:dropped":{"mysticalworld:owl_spawn_egg":1,"minecraft:iron_sword":1,"minecraft:rotten_flesh":2,"minecraft:spruce_planks":2,"advancednetherite:netherite_diamond_sword":1,"tombstone:grave_dust":2},"minecraft:custom":{"minecraft:interact_with_furnace":6,"minecraft:mob_kills":1,"minecraft:interact_with_crafting_table":11,"minecraft:open_barrel":4,"minecraft:play_one_minute":65268,"minecraft:leave_game":12,"minecraft:time_since_death":5106,"minecraft:time_since_rest":3837,"minecraft:sprint_one_cm":65620,"minecraft:damage_taken":970,"minecraft:walk_one_cm":59945,"minecraft:damage_blocked_by_shield":345,"minecraft:drop":9,"minecraft:damage_dealt":556,"minecraft:swim_one_cm":906,"minecraft:fly_one_cm":550213,"minecraft:open_chest":1,"minecraft:crouch_one_cm":876,"minecraft:deaths":3,"minecraft:sneak_time":1371,"minecraft:walk_under_water_one_cm":374,"minecraft:jump":540,"minecraft:walk_on_water_one_cm":2791,"minecraft:fall_one_cm":14116},"minecraft:used":{"advancednetherite:netherite_diamond_sword":1,"minecraft:stone_pickaxe":18,"minecraft:wooden_pickaxe":17,"minecraft:shield":5,"minecraft:iron_sword":14,"minecraft:crafting_table":1,"minecraft:oak_log":1,"minecraft:apple":1,"mysticalworld:owl_spawn_egg":1,"minecraft:netherite_axe":23,"minecraft:birch_sapling":1,"minecraft:cobblestone":1,"iceandfire:dragon_skull_fire":1,"minecraft:oak_sapling":1,"minecraft:furnace":1,"tombstone:gift":2,"torchmaster:megatorch":3,"minecraft:cooked_beef":2},"minecraft:picked_up":{"minecraft:birch_log":11,"minecraft:crafting_table":1,"minecraft:cut_sandstone":2,"minecraft:oak_log":21,"minecraft:orange_terracotta":1,"minecraft:apple":1,"minecraft:spruce_planks":1,"minecraft:iron_ore":3,"minecraft:sugar_cane":12,"minecraft:birch_sapling":1,"minecraft:iron_sword":1,"minecraft:furnace":1,"minecraft:stick":4,"minecraft:sandstone":9,"iceandfire:dragonbone":18,"iceandfire:dragon_skull_fire":2,"minecraft:sand":5,"minecraft:chiseled_sandstone":1,"minecraft:stone_pressure_plate":1,"minecraft:rotten_flesh":2,"minecraft:oak_sapling":1,"minecraft:cobblestone":23},"minecraft:killed":{"minecraft:husk":1}},"DataVersion":2586}