{"stats":{"minecraft:mined":{"minecraft:red_carpet":1,"minecraft:spruce_planks":2,"minecraft:crafting_table":1,"minecraft:grass_block":1,"minecraft:lectern":1,"minecraft:cobblestone":3,"twilightforest:potted_time_sapling":1,"minecraft:spawner":3,"twilightforest:potted_mushgloom":1,"minecraft:purple_bed":1,"minecraft:spruce_log":8,"minecraft:enchanting_table":1,"minecraft:grass":1,"minecraft:oak_log":8,"minecraft:coal_ore":11,"twilightforest:potted_twilight_oak_sapling":1,"minecraft:gravel":2,"minecraft:dirt":2,"mysticalworld:stonepetal":1,"minecraft:cracked_stone_bricks":2,"minecraft:stone":25,"minecraft:polished_andesite":3,"minecraft:oak_leaves":1},"minecraft:used":{"minecraft:cooked_mutton":1,"minecraft:stone_pickaxe":22,"minecraft:polished_andesite":1,"minecraft:wooden_pickaxe":27,"minecraft:spruce_planks":3,"minecraft:shield":16,"minecraft:iron_sword":2,"minecraft:orange_bed":1,"minecraft:torch":103,"minecraft:crafting_table":3,"minecraft:spruce_log":1,"minecraft:diamond_pickaxe":2,"minecraft:bread":1,"minecraft:map":1,"iceandfire:dragonsteel_ice_axe":2,"tombstone:grave_key":10,"minecraft:spruce_sapling":2,"minecraft:potion":5,"minecraft:stone_axe":30,"minecraft:cobblestone":1,"minecraft:bow":64,"minecraft:sweet_berries":2,"tombstone:gift":3,"minecraft:cooked_beef":1},"minecraft:dropped":{"iceandfire:dragonsteel_ice_boots":1,"twilightforest:ice_bow":1,"minecraft:bread":3,"minecraft:stone_axe":1,"minecraft:cobblestone":2,"minecraft:rotten_flesh":2,"iceandfire:dragonsteel_ice_chestplate":1,"twilightforest:twilight_oak_sapling":1,"mysticalworld:encyclopedia":1,"minecraft:red_carpet":2,"minecraft:polished_andesite":1,"minecraft:potato":3,"tombstone:grave_key":4,"iceandfire:dragonsteel_ice_leggings":1,"tombstone:grave_dust":3,"minecraft:arrow":1,"minecraft:bow":1,"iceandfire:dragonsteel_ice_helmet":1,"twilightforest:rainboak_sapling":1},"minecraft:killed":{"minecraft:cave_spider":4,"minecraft:skeleton":3,"mowziesmobs:ferrous_wroughtnaut":1,"minecraft:zombie":1,"minecraft:enderman":1},"minecraft:crafted":{"minecraft:oak_planks":24,"minecraft:crafting_table":2,"minecraft:spruce_planks":36,"minecraft:wooden_pickaxe":1,"minecraft:stone_axe":1,"minecraft:shield":2,"tombstone:grave_key":4,"minecraft:stick":8,"minecraft:stone_pickaxe":1,"minecraft:stone_sword":1,"minecraft:torch":8},"minecraft:custom":{"minecraft:interact_with_furnace":1,"minecraft:mob_kills":12,"minecraft:interact_with_crafting_table":5,"minecraft:play_one_minute":168955,"minecraft:leave_game":9,"minecraft:time_since_death":5431,"minecraft:sleep_in_bed":4,"minecraft:time_since_rest":5220,"minecraft:sprint_one_cm":150576,"minecraft:damage_taken":11211,"minecraft:walk_one_cm":250163,"minecraft:damage_blocked_by_shield":2530,"minecraft:drop":29,"minecraft:damage_dealt":3054,"minecraft:swim_one_cm":1047,"minecraft:talked_to_villager":1,"minecraft:fly_one_cm":1324236,"minecraft:player_kills":2,"minecraft:open_chest":73,"minecraft:crouch_one_cm":4791,"tombstone:undead_killed":4,"minecraft:deaths":28,"minecraft:sneak_time":3452,"minecraft:walk_under_water_one_cm":193,"minecraft:interact_with_lectern":7,"minecraft:jump":516,"minecraft:walk_on_water_one_cm":1277,"minecraft:fall_one_cm":21704},"minecraft:killed_by":{"mowziesmobs:ferrous_wroughtnaut":24,"iceandfire:cyclops":1},"minecraft:broken":{"minecraft:shield":2,"minecraft:golden_helmet":1,"minecraft:iron_boots":1,"minecraft:iron_chestplate":1,"minecraft:iron_leggings":1},"minecraft:picked_up":{"minecraft:enchanting_table":1,"minecraft:crafting_table":1,"iceandfire:dragonsteel_ice_helmet":1,"paraglider:spirit_orb":6,"tombstone:grave_key":1,"minecraft:oak_log":6,"mowziesmobs:wrought_axe":1,"minecraft:dirt":15,"minecraft:red_carpet":2,"mysticalworld:raw_squid":1,"minecraft:bone":5,"minecraft:bow":2,"mysticalworld:stonepetal":1,"minecraft:cracked_stone_bricks":1,"minecraft:spruce_planks":2,"minecraft:lectern":1,"minecraft:oak_planks":20,"minecraft:iron_boots":1,"iceandfire:dragonsteel_ice_boots":1,"minecraft:stick":1,"minecraft:torch":10,"iceandfire:dragonsteel_ice_leggings":1,"iceandfire:dragonsteel_ice_chestplate":1,"mowziesmobs:wrought_helmet":1,"minecraft:spruce_sapling":2,"tombstone:grave_dust":1,"minecraft:spruce_log":13,"minecraft:stone_axe":1,"minecraft:arrow":1,"minecraft:polished_andesite":3,"minecraft:purple_bed":1,"minecraft:rotten_flesh":2,"twilightforest:twilight_oak_sapling":1,"minecraft:bread":11,"minecraft:coal":11,"minecraft:cobblestone":26,"minecraft:ender_pearl":1}},"DataVersion":2586}