{"stats":{"minecraft:mined":{"minecraft:diamond_ore":1,"minecraft:red_carpet":4,"minecraft:spruce_planks":4,"iceandfire:frozen_stone":1,"minecraft:grass_block":3,"minecraft:coal_block":3,"iceandfire:dragon_ice":1,"twilightforest:potted_time_sapling":1,"minecraft:spawner":6,"twilightforest:potted_mushgloom":1,"minecraft:enchanting_table":1,"twilightforest:potted_twilight_oak_sapling":1,"minecraft:light_gray_concrete":1,"mysticalworld:stonepetal":1,"minecraft:stone":25,"minecraft:crafting_table":1,"iceandfire:dragon_ice_spikes":2,"minecraft:lectern":1,"minecraft:cobblestone":3,"minecraft:grindstone":1,"minecraft:oak_planks":2,"minecraft:iron_door":3,"minecraft:purple_bed":1,"minecraft:spruce_log":8,"minecraft:birch_leaves":3,"minecraft:black_bed":4,"minecraft:grass":1,"minecraft:oak_log":8,"minecraft:coal_ore":11,"minecraft:gravel":2,"minecraft:dirt":4,"minecraft:cobweb":3,"minecraft:cracked_stone_bricks":2,"minecraft:polished_andesite":3,"minecraft:oak_leaves":1},"minecraft:broken":{"minecraft:golden_helmet":1,"minecraft:iron_boots":1,"minecraft:iron_chestplate":1,"minecraft:iron_leggings":1,"minecraft:shield":2},"minecraft:dropped":{"iceandfire:dragonsteel_ice_boots":1,"minecraft:bread":3,"minecraft:wheat_seeds":1,"minecraft:baked_potato":6,"minecraft:glass_bottle":1,"minecraft:cooked_porkchop":9,"minecraft:cobblestone":3,"iceandfire:dragonsteel_ice_chestplate":1,"twilightforest:twilight_oak_sapling":1,"mysticalworld:encyclopedia":1,"minecraft:tropical_fish":1,"minecraft:pufferfish":1,"minecraft:cod":1,"minecraft:red_carpet":2,"minecraft:polished_andesite":1,"minecraft:dirt":4,"tombstone:grave_key":4,"iceandfire:dragonsteel_ice_leggings":1,"minecraft:iron_door":3,"tombstone:grave_dust":3,"minecraft:sand":1,"minecraft:iron_pickaxe":1,"iceandfire:dragonsteel_ice_helmet":1,"minecraft:spruce_sapling":3,"twilightforest:ice_bow":1,"minecraft:stone_axe":1,"minecraft:birch_sapling":1,"minecraft:rotten_flesh":3,"iceandfire:dragon_ice":1,"minecraft:poppy":1,"minecraft:potato":3,"minecraft:spruce_planks":4,"minecraft:purple_bed":1,"minecraft:slime_ball":1,"minecraft:bow":1,"minecraft:arrow":1,"twilightforest:rainboak_sapling":1},"minecraft:crafted":{"minecraft:oak_planks":24,"tombstone:grave_key":5,"minecraft:stone_pickaxe":1,"minecraft:crafting_table":2,"minecraft:spruce_planks":36,"minecraft:wooden_pickaxe":1,"minecraft:stone_axe":1,"minecraft:shield":2,"minecraft:stick":8,"minecraft:stone_sword":1,"minecraft:torch":8},"minecraft:killed_by":{"iceandfire:cyclops":1,"mowziesmobs:ferrous_wroughtnaut":24,"iceandfire:ice_dragon":1,"minecraft:skeleton":2,"minecraft:vex":1},"minecraft:used":{"iceandfire:dragon_skull_ice":1,"minecraft:spruce_planks":34,"minecraft:shield":16,"minecraft:stone":32,"minecraft:iron_sword":396,"minecraft:orange_bed":1,"minecraft:torch":213,"minecraft:dirt":18,"iceandfire:dragon_ice":1,"minecraft:bow":64,"minecraft:sweet_berries":2,"minecraft:oak_sapling":5,"tombstone:gift":14,"minecraft:egg":1,"minecraft:cooked_beef":5,"minecraft:cooked_mutton":1,"minecraft:stone_pickaxe":36,"minecraft:polished_andesite":1,"minecraft:baked_potato":5,"minecraft:oak_planks":2,"minecraft:ender_pearl":1,"minecraft:wooden_pickaxe":27,"minecraft:green_bed":1,"minecraft:crafting_table":3,"minecraft:black_bed":5,"minecraft:spruce_log":1,"mowziesmobs:wrought_axe":26,"minecraft:diamond_pickaxe":2,"minecraft:light_gray_concrete":1,"minecraft:bread":1,"minecraft:iron_pickaxe":2,"minecraft:map":1,"tombstone:magic_scroll":1,"iceandfire:dragonsteel_ice_axe":16,"tombstone:grave_key":11,"minecraft:spruce_sapling":2,"minecraft:stone_axe":44,"minecraft:cobblestone":1,"minecraft:potion":6,"minecraft:grindstone":1,"minecraft:cooked_porkchop":12,"minecraft:yellow_bed":2},"minecraft:custom":{"minecraft:mob_kills":65,"minecraft:interact_with_crafting_table":5,"minecraft:open_barrel":4,"minecraft:leave_game":13,"minecraft:time_since_death":8163,"minecraft:climb_one_cm":7467,"minecraft:sprint_one_cm":272993,"minecraft:walk_one_cm":423420,"minecraft:damage_blocked_by_shield":2530,"minecraft:drop":67,"minecraft:talked_to_villager":1,"minecraft:deaths":35,"minecraft:sneak_time":7332,"minecraft:walk_under_water_one_cm":7849,"minecraft:interact_with_lectern":7,"minecraft:jump":1665,"minecraft:walk_on_water_one_cm":11312,"minecraft:interact_with_furnace":5,"minecraft:play_one_minute":270454,"minecraft:interact_with_grindstone":2,"minecraft:interact_with_stonecutter":1,"minecraft:sleep_in_bed":6,"minecraft:time_since_rest":7650,"minecraft:damage_taken":14269,"minecraft:damage_dealt":18865,"minecraft:swim_one_cm":11339,"minecraft:fly_one_cm":3008033,"minecraft:player_kills":2,"minecraft:open_chest":121,"minecraft:crouch_one_cm":11291,"tombstone:undead_killed":33,"minecraft:fall_one_cm":65212,"minecraft:inspect_dispenser":2},"minecraft:picked_up":{"minecraft:crafting_table":1,"minecraft:oak_stairs":2,"tombstone:grave_key":1,"minecraft:string":6,"iceandfire:frozen_stone":1,"minecraft:pufferfish":1,"mysticalworld:raw_squid":1,"minecraft:cracked_stone_bricks":1,"minecraft:spruce_planks":8,"minecraft:poppy":1,"minecraft:lectern":1,"minecraft:coal_block":3,"minecraft:birch_sapling":1,"minecraft:egg":1,"iceandfire:ice_dragon_heart":4,"minecraft:iron_boots":1,"iceandfire:dragonsteel_ice_boots":1,"minecraft:stick":6,"iceandfire:dragonbone":30,"minecraft:torch":16,"iceandfire:dragonsteel_ice_leggings":1,"iceandfire:dragonsteel_ice_chestplate":1,"minecraft:stone_button":3,"iceandfire:rotten_egg":1,"tombstone:grave_dust":3,"iceandfire:dragon_skull_ice":5,"minecraft:arrow":28,"minecraft:rotten_flesh":4,"minecraft:tropical_fish":1,"iceandfire:dragonscales_silver":27,"minecraft:cod":1,"minecraft:cobblestone":26,"minecraft:enchanting_table":1,"minecraft:iron_door":3,"iceandfire:dragonsteel_ice_helmet":1,"minecraft:black_bed":4,"paraglider:spirit_orb":12,"minecraft:oak_log":10,"minecraft:gunpowder":2,"mowziesmobs:wrought_axe":1,"iceandfire:dragonscales_blue":16,"minecraft:dirt":19,"minecraft:red_carpet":5,"minecraft:bone":27,"minecraft:stone_bricks":2,"minecraft:bow":2,"mysticalworld:stonepetal":1,"minecraft:wheat_seeds":1,"minecraft:grindstone":1,"minecraft:oak_planks":22,"minecraft:cooked_porkchop":1,"iceandfire:dragonscales_sapphire":46,"minecraft:sand":1,"mowziesmobs:wrought_helmet":1,"minecraft:spruce_sapling":4,"minecraft:spruce_log":14,"minecraft:dark_oak_fence_gate":1,"minecraft:spider_eye":2,"minecraft:light_gray_concrete":1,"minecraft:polished_andesite":3,"minecraft:diamond":1,"minecraft:purple_bed":2,"minecraft:slime_ball":1,"twilightforest:twilight_oak_sapling":1,"minecraft:stone_axe":1,"iceandfire:dragon_ice":1,"iceandfire:ice_dragon_flesh":10,"minecraft:bread":11,"tombstone:magic_scroll":1,"minecraft:oak_sapling":5,"minecraft:coal":11,"minecraft:ender_pearl":1},"minecraft:killed":{"minecraft:cave_spider":4,"minecraft:spider":14,"minecraft:skeleton":27,"mowziesmobs:ferrous_wroughtnaut":1,"minecraft:piglin_brute":1,"minecraft:magma_cube":1,"minecraft:creeper":2,"minecraft:zombie":5,"iceandfire:ghost":1,"iceandfire:ice_dragon":3,"minecraft:enderman":1}},"DataVersion":2586}