{"stats":{"minecraft:mined":{"minecraft:furnace":1,"minecraft:iron_ore":3,"minecraft:birch_log":11,"minecraft:birch_leaves":1,"minecraft:crafting_table":1,"minecraft:grass":2,"minecraft:oak_log":21,"minecraft:dead_bush":6,"minecraft:stone":17,"minecraft:sugar_cane":8,"minecraft:oak_leaves":3},"minecraft:crafted":{"minecraft:oak_planks":40,"minecraft:shield":1,"minecraft:crafting_table":1,"minecraft:stick":8,"minecraft:iron_ingot":3,"minecraft:wooden_pickaxe":1,"minecraft:stone_pickaxe":1,"minecraft:iron_sword":1,"minecraft:furnace":1,"minecraft:air":0},"minecraft:dropped":{"mysticalworld:owl_spawn_egg":1,"minecraft:spruce_planks":2,"advancednetherite:netherite_diamond_sword":1,"tombstone:grave_dust":2,"minecraft:rotten_flesh":2},"minecraft:custom":{"minecraft:time_since_rest":35170,"minecraft:interact_with_furnace":6,"minecraft:sprint_one_cm":50100,"minecraft:damage_taken":355,"minecraft:walk_one_cm":42731,"minecraft:damage_blocked_by_shield":45,"minecraft:mob_kills":1,"minecraft:drop":8,"minecraft:damage_dealt":276,"minecraft:swim_one_cm":906,"minecraft:interact_with_crafting_table":11,"minecraft:fly_one_cm":291734,"minecraft:open_barrel":4,"minecraft:crouch_one_cm":519,"minecraft:play_one_minute":53268,"minecraft:deaths":1,"minecraft:sneak_time":745,"minecraft:walk_under_water_one_cm":374,"minecraft:jump":425,"minecraft:leave_game":12,"minecraft:walk_on_water_one_cm":1667,"minecraft:time_since_death":37001,"minecraft:fall_one_cm":10599},"minecraft:used":{"minecraft:oak_log":1,"advancednetherite:netherite_diamond_sword":1,"minecraft:apple":1,"mysticalworld:owl_spawn_egg":1,"minecraft:stone_pickaxe":4,"minecraft:birch_sapling":1,"minecraft:netherite_axe":23,"minecraft:shield":1,"minecraft:wooden_pickaxe":17,"minecraft:iron_sword":9,"minecraft:cobblestone":1,"minecraft:crafting_table":1,"minecraft:furnace":1,"minecraft:oak_sapling":1,"tombstone:gift":2,"torchmaster:megatorch":3},"minecraft:picked_up":{"minecraft:birch_log":11,"minecraft:stick":4,"minecraft:crafting_table":1,"minecraft:oak_log":21,"minecraft:rotten_flesh":2,"minecraft:apple":1,"minecraft:spruce_planks":1,"minecraft:iron_ore":3,"minecraft:oak_sapling":1,"minecraft:sugar_cane":12,"minecraft:birch_sapling":1,"minecraft:cobblestone":23,"minecraft:furnace":1},"minecraft:killed":{"minecraft:husk":1}},"DataVersion":2586}