{"stats":{"minecraft:dropped":{"minecraft:oak_log":32,"minecraft:feather":1,"minecraft:wooden_pickaxe":1},"minecraft:killed":{"minecraft:sheep":2,"minecraft:chicken":2,"minecraft:cow":1},"minecraft:mined":{"minecraft:dark_oak_log":50,"minecraft:crafting_table":2,"minecraft:grass_block":1,"minecraft:oak_log":38,"minecraft:stone":14,"minecraft:oak_leaves":8},"minecraft:picked_up":{"minecraft:crafting_table":2,"minecraft:feather":1,"minecraft:chicken":2,"minecraft:leather":1,"minecraft:oak_log":38,"minecraft:dark_oak_log":48,"minecraft:dirt":1,"minecraft:beef":3,"minecraft:oak_sapling":1,"minecraft:mutton":3,"minecraft:white_wool":2,"minecraft:cobblestone":14},"minecraft:used":{"minecraft:oak_log":32,"minecraft:dark_oak_log":50,"minecraft:wooden_pickaxe":14,"minecraft:stone_axe":16,"minecraft:dirt":1,"minecraft:crafting_table":3,"minecraft:furnace":1,"minecraft:oak_sapling":1},"minecraft:custom":{"minecraft:time_since_rest":10859,"minecraft:interact_with_furnace":1,"minecraft:sprint_one_cm":26315,"minecraft:damage_taken":126,"minecraft:walk_one_cm":26135,"minecraft:mob_kills":5,"minecraft:drop":3,"minecraft:damage_dealt":340,"minecraft:interact_with_crafting_table":5,"minecraft:fly_one_cm":13268,"minecraft:play_one_minute":10859,"minecraft:walk_under_water_one_cm":129,"minecraft:jump":178,"minecraft:leave_game":3,"minecraft:walk_on_water_one_cm":2264,"minecraft:time_since_death":10859,"minecraft:fall_one_cm":4114},"minecraft:crafted":{"minecraft:oak_planks":24,"minecraft:crafting_table":1,"minecraft:stick":8,"minecraft:wooden_pickaxe":1,"minecraft:stone_pickaxe":1,"minecraft:furnace":1,"minecraft:stone_axe":1}},"DataVersion":2586}