{"stats":{"minecraft:mined":{"minecraft:spruce_planks":9,"minecraft:farmland":2,"minecraft:smoker":1,"minecraft:crafting_table":3,"minecraft:torch":1,"minecraft:grass_block":2,"minecraft:cobblestone":1,"minecraft:spruce_leaves":3,"minecraft:sugar_cane":8,"minecraft:wall_torch":2,"minecraft:hay_block":1,"minecraft:carrots":39,"minecraft:sweet_berry_bush":2,"minecraft:spruce_log":13,"minecraft:yellow_stained_glass_pane":2,"minecraft:grass":1,"minecraft:bookshelf":8,"minecraft:coal_ore":16,"minecraft:iron_bars":4,"minecraft:dirt":2,"minecraft:stone":14,"minecraft:oak_leaves":6,"minecraft:orange_bed":4},"minecraft:used":{"minecraft:iron_bars":4,"minecraft:stone_pickaxe":55,"minecraft:spruce_planks":88,"minecraft:wooden_pickaxe":9,"minecraft:iron_sword":56,"minecraft:orange_bed":3,"minecraft:torch":24,"minecraft:crafting_table":3,"minecraft:carrot":31,"minecraft:spruce_log":13,"minecraft:wooden_axe":4,"minecraft:bread":3,"mysticalworld:stone_knife":16,"minecraft:stone_axe":28,"minecraft:cobblestone":4,"minecraft:sweet_berries":18,"tombstone:gift":2,"minecraft:potato":3},"minecraft:dropped":{"minecraft:stone_axe":1,"minecraft:sweet_berries":3,"minecraft:cobblestone":2,"mysticalworld:stone_knife":1,"minecraft:stick":1,"minecraft:dirt":2,"minecraft:potato":3,"minecraft:leather_boots":1,"tombstone:grave_dust":1,"minecraft:spider_eye":3,"minecraft:stone_pickaxe":1,"minecraft:wooden_pickaxe":1,"minecraft:string":1,"minecraft:white_wool":1,"mysticalworld:raw_squid":1,"minecraft:spruce_sapling":1},"minecraft:killed":{"minecraft:spider":6,"minecraft:sheep":1,"minecraft:zombie":4,"minecraft:cow":7},"minecraft:crafted":{"sophisticatedbackpacks:backpack":1,"minecraft:crafting_table":1,"minecraft:spruce_planks":140,"minecraft:wooden_pickaxe":1,"mysticalworld:stone_knife":1,"minecraft:stone_axe":1,"minecraft:stick":12,"minecraft:stone_pickaxe":1,"minecraft:wooden_axe":1,"minecraft:chest":1,"minecraft:torch":20},"minecraft:custom":{"minecraft:mob_kills":18,"minecraft:interact_with_anvil":1,"minecraft:interact_with_crafting_table":9,"minecraft:open_barrel":2,"minecraft:play_one_minute":58822,"minecraft:leave_game":3,"minecraft:time_since_death":35786,"minecraft:sleep_in_bed":3,"minecraft:climb_one_cm":628,"minecraft:time_since_rest":8809,"minecraft:sprint_one_cm":141640,"minecraft:damage_taken":1999,"minecraft:walk_one_cm":145902,"minecraft:drop":17,"minecraft:damage_dealt":2701,"minecraft:damage_dealt_absorbed":40,"minecraft:swim_one_cm":5801,"minecraft:fly_one_cm":141784,"minecraft:open_chest":29,"minecraft:crouch_one_cm":1122,"tombstone:undead_killed":4,"minecraft:deaths":4,"minecraft:sneak_time":841,"minecraft:walk_under_water_one_cm":2702,"minecraft:jump":987,"minecraft:walk_on_water_one_cm":12690,"minecraft:fall_one_cm":31434},"minecraft:killed_by":{"minecraft:player":2,"iceandfire:cyclops":1},"minecraft:picked_up":{"minecraft:wooden_axe":1,"minecraft:crafting_table":4,"minecraft:leather":13,"minecraft:smoker":1,"minecraft:potato":3,"minecraft:oak_log":2,"minecraft:string":6,"minecraft:dirt":2,"minecraft:leather_boots":1,"mysticalworld:raw_squid":1,"minecraft:spruce_planks":32,"minecraft:stone_pickaxe":1,"mysticalworld:stone_knife":1,"minecraft:beef":47,"minecraft:sugar_cane":27,"minecraft:book":24,"minecraft:stick":4,"minecraft:sweet_berries":11,"minecraft:torch":2,"minecraft:spruce_sapling":1,"tombstone:grave_dust":1,"minecraft:spruce_log":31,"minecraft:carrot":139,"minecraft:spider_eye":3,"minecraft:orange_bed":4,"minecraft:stone_axe":1,"minecraft:hay_block":1,"minecraft:bread":3,"minecraft:mutton":1,"minecraft:iron_bars":4,"minecraft:coal":16,"twilightforest:ice_bow":2,"minecraft:white_wool":1,"minecraft:cobblestone":15}},"DataVersion":2586}