{"stats":{"minecraft:mined":{"minecraft:crafting_table":1,"minecraft:grass_block":1,"minecraft:dirt":2,"minecraft:spruce_leaves":2,"minecraft:sugar_cane":4,"minecraft:oak_leaves":6},"minecraft:used":{"minecraft:wooden_axe":1,"minecraft:bread":3,"minecraft:spruce_planks":2,"minecraft:sweet_berries":14,"minecraft:crafting_table":1,"tombstone:gift":2,"minecraft:potato":3},"minecraft:dropped":{"minecraft:dirt":1,"minecraft:spruce_sapling":1,"mysticalworld:raw_squid":1},"minecraft:crafted":{"minecraft:crafting_table":1,"minecraft:spruce_planks":96,"minecraft:stick":8,"minecraft:wooden_axe":1},"minecraft:custom":{"minecraft:time_since_rest":4314,"minecraft:sprint_one_cm":33052,"minecraft:damage_taken":860,"minecraft:walk_one_cm":28080,"minecraft:drop":3,"minecraft:damage_dealt":12,"minecraft:interact_with_crafting_table":5,"minecraft:fly_one_cm":33467,"minecraft:open_chest":4,"minecraft:crouch_one_cm":285,"minecraft:play_one_minute":17089,"minecraft:deaths":3,"minecraft:sneak_time":95,"minecraft:walk_under_water_one_cm":653,"minecraft:jump":237,"minecraft:leave_game":2,"minecraft:walk_on_water_one_cm":1256,"minecraft:time_since_death":5993,"minecraft:fall_one_cm":6042},"minecraft:killed_by":{"minecraft:player":1,"iceandfire:cyclops":1},"minecraft:picked_up":{"minecraft:crafting_table":1,"minecraft:oak_log":2,"minecraft:spruce_sapling":1,"minecraft:spruce_log":9,"minecraft:string":1,"minecraft:dirt":1,"mysticalworld:raw_squid":1,"minecraft:bread":3,"minecraft:sugar_cane":11,"twilightforest:ice_bow":1}},"DataVersion":2586}