{"stats":{"minecraft:mined":{"minecraft:spruce_planks":9,"minecraft:farmland":2,"minecraft:smoker":1,"minecraft:crafting_table":5,"minecraft:torch":1,"minecraft:grass_block":4,"minecraft:cobblestone":1,"minecraft:spruce_leaves":3,"minecraft:oak_planks":3,"minecraft:sugar_cane":12,"minecraft:wall_torch":2,"minecraft:spawner":4,"minecraft:hay_block":1,"minecraft:purple_bed":4,"minecraft:furnace":1,"minecraft:carrots":39,"minecraft:fire":4,"minecraft:sweet_berry_bush":2,"minecraft:spruce_log":13,"minecraft:gold_block":4,"minecraft:yellow_stained_glass_pane":2,"minecraft:grass":2,"minecraft:bookshelf":8,"minecraft:oak_log":57,"minecraft:coal_ore":16,"minecraft:cobblestone_slab":1,"minecraft:iron_bars":5,"minecraft:dirt":7,"minecraft:white_wool":2,"minecraft:stone":30,"minecraft:oak_leaves":6,"minecraft:fern":1,"minecraft:orange_bed":5},"minecraft:used":{"minecraft:cooked_mutton":4,"minecraft:iron_bars":4,"minecraft:flint_and_steel":6,"minecraft:baked_potato":6,"minecraft:stone_pickaxe":71,"minecraft:oak_planks":18,"minecraft:spruce_planks":92,"minecraft:wooden_pickaxe":18,"minecraft:iron_sword":56,"minecraft:cooked_chicken":1,"minecraft:white_wool":4,"minecraft:orange_bed":4,"minecraft:torch":24,"minecraft:crafting_table":6,"minecraft:carrot":32,"minecraft:spruce_log":13,"minecraft:oak_log":54,"minecraft:wooden_axe":25,"minecraft:apple":3,"minecraft:bread":4,"minecraft:iron_pickaxe":4,"mysticalworld:stone_knife":16,"minecraft:stone_axe":57,"minecraft:cobblestone":4,"minecraft:purple_bed":3,"minecraft:sweet_berries":18,"minecraft:furnace":1,"tombstone:gift":2,"minecraft:potato":3},"minecraft:dropped":{"minecraft:stone_axe":1,"minecraft:sweet_berries":3,"minecraft:cobblestone":2,"mysticalworld:stone_knife":1,"minecraft:stick":1,"minecraft:dirt":2,"minecraft:potato":3,"tombstone:grave_key":1,"minecraft:leather_boots":1,"tombstone:grave_dust":1,"minecraft:spider_eye":3,"minecraft:wooden_pickaxe":1,"minecraft:stone_pickaxe":1,"minecraft:string":1,"minecraft:white_wool":1,"mysticalworld:raw_squid":1,"minecraft:spruce_sapling":1},"minecraft:killed":{"minecraft:spider":8,"minecraft:skeleton":1,"minecraft:sheep":4,"minecraft:zombie":4,"minecraft:chicken":4,"minecraft:cow":7},"minecraft:crafted":{"minecraft:oak_planks":176,"sophisticatedbackpacks:backpack":1,"minecraft:crafting_table":3,"minecraft:spruce_planks":140,"minecraft:cooked_chicken":1,"minecraft:wooden_pickaxe":2,"mysticalworld:stone_knife":1,"minecraft:furnace":1,"minecraft:stone_axe":2,"minecraft:cooked_mutton":1,"minecraft:air":0,"minecraft:stick":20,"minecraft:stone_pickaxe":2,"minecraft:wooden_axe":2,"minecraft:chest":1,"minecraft:torch":20},"minecraft:custom":{"minecraft:interact_with_furnace":2,"minecraft:interact_with_anvil":1,"minecraft:mob_kills":29,"minecraft:interact_with_crafting_table":15,"minecraft:open_barrel":4,"minecraft:play_one_minute":106065,"minecraft:leave_game":5,"minecraft:time_since_death":12882,"minecraft:sleep_in_bed":6,"minecraft:climb_one_cm":648,"minecraft:time_since_rest":7303,"minecraft:sprint_one_cm":281296,"minecraft:damage_taken":3950,"minecraft:walk_one_cm":263636,"minecraft:drop":18,"minecraft:damage_dealt":3873,"minecraft:damage_dealt_absorbed":40,"minecraft:swim_one_cm":19573,"minecraft:fly_one_cm":277640,"minecraft:open_chest":39,"minecraft:crouch_one_cm":1740,"tombstone:undead_killed":5,"minecraft:deaths":9,"minecraft:sneak_time":1326,"minecraft:walk_under_water_one_cm":4078,"minecraft:jump":1964,"minecraft:walk_on_water_one_cm":27199,"minecraft:fall_one_cm":55922},"minecraft:killed_by":{"minecraft:player":2,"iceandfire:cyclops":1,"iceandfire:ice_dragon":2,"minecraft:skeleton":1,"minecraft:vex":2},"minecraft:picked_up":{"minecraft:wooden_axe":1,"minecraft:crafting_table":6,"minecraft:feather":4,"minecraft:chicken":4,"minecraft:leather":13,"minecraft:smoker":1,"minecraft:potato":3,"minecraft:gold_block":4,"paraglider:spirit_orb":8,"minecraft:oak_log":57,"minecraft:dirt":9,"minecraft:string":7,"minecraft:leather_boots":1,"minecraft:cooked_mutton":3,"mysticalworld:raw_squid":1,"minecraft:apple":3,"minecraft:spruce_planks":32,"mysticalworld:stone_knife":1,"minecraft:beef":47,"minecraft:stone_pickaxe":1,"minecraft:sugar_cane":34,"minecraft:oak_planks":12,"minecraft:egg":3,"minecraft:furnace":1,"minecraft:book":24,"minecraft:stick":15,"minecraft:sweet_berries":11,"minecraft:torch":2,"minecraft:spruce_sapling":1,"tombstone:grave_dust":1,"minecraft:carrot":139,"minecraft:spruce_log":31,"minecraft:spider_eye":3,"minecraft:orange_bed":5,"minecraft:purple_bed":4,"minecraft:stone_axe":1,"minecraft:hay_block":1,"minecraft:baked_potato":6,"minecraft:bread":3,"minecraft:white_wool":9,"minecraft:iron_bars":5,"minecraft:oak_sapling":19,"minecraft:mutton":6,"twilightforest:ice_bow":2,"minecraft:coal":16,"minecraft:cobblestone":31}},"DataVersion":2586}