{"stats":{"minecraft:killed":{"minecraft:spider":3,"minecraft:skeleton":3,"savageandravage:skeleton_villager":1,"iceandfire:fire_dragon":1,"minecraft:chicken":2,"mysticalworld:beetle":2,"minecraft:pig":3,"minecraft:sheep":7,"minecraft:zombie":4,"iceandfire:pixie":1,"minecraft:cow":3},"minecraft:dropped":{"minecraft:iron_ingot":64,"minecraft:wheat_seeds":1,"mysticalworld:aubergine_seeds":9,"minecraft:oak_log":32,"minecraft:feather":1,"iceandfire:pixie_house_oak":1,"minecraft:stick":9,"minecraft:diorite":1,"tombstone:grave_dust":2,"minecraft:iron_leggings":1,"minecraft:sunflower":1,"mysticalworld:tin_helmet":1,"minecraft:stone_axe":1,"minecraft:iron_boots":2,"minecraft:iron_chestplate":2,"minecraft:oak_sapling":2,"mysticalworld:tin_pickaxe":1,"minecraft:spider_eye":1,"minecraft:stone_pickaxe":1,"minecraft:wooden_pickaxe":1},"minecraft:killed_by":{"minecraft:player":1,"iceandfire:fire_dragon":25},"minecraft:mined":{"minecraft:white_bed":2,"iceandfire:silver_ore":8,"minecraft:dark_oak_log":50,"minecraft:grass_block":3,"iceandfire:pixie_house_oak":1,"iceandfire:chared_dirt":5,"minecraft:furnace":4,"minecraft:iron_ore":31,"mysticalworld:tin_ore":28,"minecraft:fire":6,"iceandfire:chared_gravel":1,"minecraft:stone":44,"minecraft:smoker":4,"minecraft:crafting_table":7,"minecraft:tall_grass":2,"minecraft:sugar_cane":3,"minecraft:diorite":1,"minecraft:birch_leaves":2,"minecraft:grass":28,"minecraft:oak_log":38,"minecraft:cobweb":5,"minecraft:oak_leaves":8},"minecraft:broken":{"mysticalworld:tin_leggings":1,"iceandfire:armor_silver_metal_helmet":1,"minecraft:shield":2},"minecraft:picked_up":{"minecraft:charcoal":23,"minecraft:crafting_table":7,"minecraft:chicken":2,"iceandfire:pixie_house_oak":1,"mysticalworld:carapace":5,"minecraft:string":7,"minecraft:beef":7,"minecraft:sugar_cane":4,"minecraft:iron_boots":1,"minecraft:furnace":4,"iceandfire:pixie_dust":1,"minecraft:stick":3,"iceandfire:dragonbone":17,"iceandfire:silver_ore":8,"minecraft:porkchop":10,"tombstone:grave_dust":2,"minecraft:diorite":1,"minecraft:arrow":3,"minecraft:diamond_chestplate":1,"mysticalworld:aubergine_seeds":8,"iceandfire:chared_dirt":4,"iceandfire:fire_dragon_heart":2,"minecraft:mutton":10,"minecraft:cobblestone":43,"minecraft:white_wool":7,"minecraft:feather":1,"minecraft:cooked_beef":7,"minecraft:leather":6,"minecraft:smoker":4,"paraglider:spirit_orb":8,"mysticalworld:tin_ore":28,"minecraft:oak_log":40,"minecraft:dirt":3,"iceandfire:dragonscales_bronze":48,"minecraft:bone":6,"minecraft:apple":1,"minecraft:bow":1,"minecraft:wheat_seeds":3,"minecraft:iron_ingot":109,"minecraft:iron_ore":30,"minecraft:oak_planks":2,"iceandfire:fire_dragon_flesh":4,"minecraft:cooked_porkchop":1,"iceandfire:dragon_skull_fire":2,"minecraft:white_bed":2,"minecraft:dark_oak_log":89,"minecraft:spider_eye":1,"minecraft:golden_apple":2,"minecraft:oak_sapling":3,"iceandfire:chared_gravel":8,"minecraft:sunflower":1,"minecraft:ender_pearl":1},"minecraft:custom":{"minecraft:mob_kills":30,"minecraft:interact_with_crafting_table":40,"minecraft:leave_game":6,"minecraft:time_since_death":7623,"minecraft:climb_one_cm":529,"minecraft:sprint_one_cm":288873,"minecraft:walk_one_cm":219759,"minecraft:damage_blocked_by_shield":1040,"minecraft:drop":41,"minecraft:deaths":26,"minecraft:sneak_time":647,"minecraft:walk_under_water_one_cm":7507,"minecraft:jump":2043,"minecraft:walk_on_water_one_cm":11608,"minecraft:interact_with_furnace":32,"minecraft:play_one_minute":94899,"minecraft:sleep_in_bed":5,"minecraft:time_since_rest":5829,"minecraft:damage_taken":8239,"minecraft:damage_dealt":6385,"minecraft:swim_one_cm":8475,"minecraft:fly_one_cm":515891,"minecraft:open_chest":11,"minecraft:crouch_one_cm":1655,"tombstone:undead_killed":8,"minecraft:interact_with_smoker":19,"minecraft:fall_one_cm":53691},"minecraft:used":{"mysticalworld:tin_sword":32,"minecraft:shield":109,"minecraft:iron_sword":106,"minecraft:cooked_chicken":2,"mysticalworld:tin_pickaxe":40,"minecraft:dirt":3,"mysticalworld:tin_axe":45,"minecraft:dark_oak_planks":2,"minecraft:oak_sapling":1,"mysticalworld:silver_pickaxe":17,"minecraft:furnace":4,"tombstone:gift":3,"minecraft:cooked_beef":3,"minecraft:cooked_mutton":8,"minecraft:stone_pickaxe":50,"minecraft:wooden_pickaxe":14,"minecraft:white_wool":2,"minecraft:crafting_table":7,"minecraft:white_bed":2,"minecraft:smoker":4,"minecraft:oak_log":32,"minecraft:dark_oak_log":50,"minecraft:stone_axe":20,"minecraft:cobblestone":5,"minecraft:cooked_porkchop":4},"minecraft:crafted":{"minecraft:oak_planks":24,"minecraft:cooked_chicken":2,"minecraft:furnace":4,"mysticalworld:tin_axe":1,"minecraft:cooked_mutton":10,"minecraft:iron_boots":2,"tombstone:grave_key":1,"mysticalworld:tin_helmet":1,"minecraft:stone_pickaxe":1,"mysticalworld:tin_leggings":1,"minecraft:chest":1,"minecraft:dark_oak_planks":36,"minecraft:smoker":1,"minecraft:cooked_beef":3,"sophisticatedbackpacks:backpack":1,"iceandfire:silver_ingot":8,"minecraft:cooked_porkchop":6,"mysticalworld:tin_ingot":15,"minecraft:crafting_table":1,"iceandfire:dragonscales_bronze":45,"minecraft:wooden_pickaxe":1,"minecraft:iron_sword":1,"mysticalworld:tin_sword":1,"minecraft:stone_axe":1,"minecraft:air":0,"mysticalworld:silver_pickaxe":1,"iceandfire:armor_silver_metal_helmet":1,"minecraft:iron_chestplate":2,"minecraft:charcoal":7,"minecraft:shield":3,"iceandfire:dragonscale_bronze":5,"minecraft:stick":20,"minecraft:iron_ingot":23,"minecraft:iron_leggings":2,"minecraft:white_bed":1,"mysticalworld:tin_pickaxe":1}},"DataVersion":2586}