{"stats":{"minecraft:mined":{"minecraft:spruce_planks":9,"minecraft:farmland":2,"minecraft:smoker":1,"minecraft:crafting_table":2,"minecraft:torch":1,"minecraft:grass_block":1,"minecraft:cobblestone":1,"minecraft:spruce_leaves":3,"minecraft:sugar_cane":4,"minecraft:wall_torch":1,"minecraft:hay_block":1,"minecraft:carrots":39,"minecraft:sweet_berry_bush":2,"minecraft:spruce_log":13,"minecraft:yellow_stained_glass_pane":2,"minecraft:grass":1,"minecraft:bookshelf":8,"minecraft:coal_ore":16,"minecraft:iron_bars":2,"minecraft:dirt":2,"minecraft:stone":14,"minecraft:oak_leaves":6,"minecraft:orange_bed":3},"minecraft:used":{"minecraft:stone_pickaxe":53,"minecraft:spruce_planks":87,"minecraft:wooden_pickaxe":9,"minecraft:iron_sword":12,"minecraft:orange_bed":3,"minecraft:torch":19,"minecraft:crafting_table":2,"minecraft:carrot":21,"minecraft:spruce_log":13,"minecraft:wooden_axe":4,"minecraft:bread":3,"mysticalworld:stone_knife":16,"minecraft:stone_axe":27,"minecraft:cobblestone":4,"minecraft:sweet_berries":18,"tombstone:gift":2,"minecraft:potato":3},"minecraft:dropped":{"minecraft:sweet_berries":3,"minecraft:stick":1,"minecraft:dirt":1,"tombstone:grave_dust":1,"minecraft:wooden_pickaxe":1,"minecraft:string":1,"mysticalworld:raw_squid":1,"minecraft:spruce_sapling":1},"minecraft:killed":{"minecraft:zombie":1,"minecraft:cow":7},"minecraft:crafted":{"minecraft:crafting_table":1,"minecraft:spruce_planks":140,"minecraft:wooden_pickaxe":1,"mysticalworld:stone_knife":1,"minecraft:stone_axe":1,"minecraft:stick":12,"minecraft:stone_pickaxe":1,"minecraft:wooden_axe":1,"minecraft:torch":20},"minecraft:custom":{"minecraft:mob_kills":8,"minecraft:interact_with_anvil":1,"minecraft:interact_with_crafting_table":8,"minecraft:open_barrel":2,"minecraft:play_one_minute":46822,"minecraft:leave_game":3,"minecraft:time_since_death":23786,"minecraft:sleep_in_bed":2,"minecraft:climb_one_cm":628,"minecraft:time_since_rest":1274,"minecraft:sprint_one_cm":119951,"minecraft:damage_taken":1740,"minecraft:walk_one_cm":116835,"minecraft:drop":8,"minecraft:damage_dealt":962,"minecraft:fly_one_cm":125828,"minecraft:open_chest":26,"minecraft:crouch_one_cm":1122,"tombstone:undead_killed":1,"minecraft:deaths":4,"minecraft:sneak_time":830,"minecraft:walk_under_water_one_cm":1973,"minecraft:jump":883,"minecraft:walk_on_water_one_cm":2959,"minecraft:fall_one_cm":29582},"minecraft:killed_by":{"minecraft:player":2,"iceandfire:cyclops":1},"minecraft:picked_up":{"minecraft:wooden_axe":1,"minecraft:crafting_table":3,"minecraft:leather":13,"minecraft:smoker":1,"minecraft:potato":3,"minecraft:oak_log":2,"minecraft:string":1,"minecraft:dirt":1,"mysticalworld:raw_squid":1,"minecraft:spruce_planks":32,"minecraft:stone_pickaxe":1,"mysticalworld:stone_knife":1,"minecraft:beef":47,"minecraft:sugar_cane":22,"minecraft:book":24,"minecraft:stick":4,"minecraft:sweet_berries":11,"minecraft:torch":2,"minecraft:spruce_sapling":1,"tombstone:grave_dust":1,"minecraft:spruce_log":31,"minecraft:carrot":139,"minecraft:orange_bed":3,"minecraft:stone_axe":1,"minecraft:hay_block":1,"minecraft:bread":3,"minecraft:iron_bars":2,"minecraft:coal":16,"twilightforest:ice_bow":2,"minecraft:cobblestone":15}},"DataVersion":2586}