{"stats":{"minecraft:killed":{"mysticalworld:beetle":1,"minecraft:pig":3,"minecraft:spider":1,"minecraft:sheep":7,"minecraft:skeleton":1,"minecraft:zombie":2,"minecraft:chicken":2,"minecraft:cow":3},"minecraft:dropped":{"minecraft:stone_axe":1,"minecraft:oak_log":32,"minecraft:feather":1,"mysticalworld:tin_pickaxe":1,"mysticalworld:tin_helmet":1,"minecraft:stone_pickaxe":1,"minecraft:wooden_pickaxe":1},"minecraft:mined":{"iceandfire:silver_ore":8,"minecraft:smoker":2,"minecraft:dark_oak_log":50,"minecraft:crafting_table":4,"minecraft:grass_block":3,"minecraft:sugar_cane":3,"minecraft:diorite":1,"minecraft:furnace":4,"mysticalworld:tin_ore":28,"minecraft:iron_ore":31,"minecraft:oak_log":38,"minecraft:stone":44,"minecraft:oak_leaves":8},"minecraft:picked_up":{"minecraft:charcoal":18,"minecraft:crafting_table":4,"minecraft:feather":1,"minecraft:chicken":2,"minecraft:leather":5,"minecraft:smoker":2,"mysticalworld:tin_ore":28,"minecraft:oak_log":38,"mysticalworld:carapace":2,"minecraft:string":1,"minecraft:dirt":3,"minecraft:bone":2,"minecraft:bow":1,"minecraft:beef":7,"minecraft:iron_ore":30,"minecraft:sugar_cane":4,"minecraft:oak_planks":2,"minecraft:furnace":4,"iceandfire:silver_ore":8,"minecraft:porkchop":6,"minecraft:diorite":1,"minecraft:dark_oak_log":86,"minecraft:oak_sapling":1,"minecraft:mutton":10,"minecraft:cobblestone":43,"minecraft:white_wool":7},"minecraft:custom":{"minecraft:interact_with_furnace":32,"minecraft:mob_kills":20,"minecraft:interact_with_crafting_table":22,"minecraft:play_one_minute":34519,"minecraft:leave_game":4,"minecraft:time_since_death":34519,"minecraft:time_since_rest":34519,"minecraft:sprint_one_cm":73804,"minecraft:damage_taken":722,"minecraft:walk_one_cm":70876,"minecraft:damage_blocked_by_shield":75,"minecraft:drop":7,"minecraft:damage_dealt":2162,"minecraft:swim_one_cm":1816,"minecraft:fly_one_cm":60288,"minecraft:crouch_one_cm":1503,"tombstone:undead_killed":3,"minecraft:sneak_time":568,"minecraft:walk_under_water_one_cm":6072,"minecraft:jump":533,"minecraft:walk_on_water_one_cm":7761,"minecraft:interact_with_smoker":16,"minecraft:fall_one_cm":15840},"minecraft:used":{"minecraft:cooked_mutton":3,"minecraft:stone_pickaxe":50,"minecraft:shield":3,"minecraft:wooden_pickaxe":14,"minecraft:cooked_chicken":2,"minecraft:white_wool":2,"mysticalworld:tin_pickaxe":40,"minecraft:dirt":3,"minecraft:crafting_table":5,"minecraft:smoker":3,"mysticalworld:tin_axe":31,"minecraft:oak_log":32,"minecraft:dark_oak_planks":2,"minecraft:dark_oak_log":50,"minecraft:stone_axe":20,"minecraft:cobblestone":5,"mysticalworld:silver_pickaxe":14,"minecraft:oak_sapling":1,"minecraft:furnace":4,"minecraft:cooked_porkchop":2,"minecraft:cooked_beef":3},"minecraft:crafted":{"minecraft:cooked_beef":3,"minecraft:oak_planks":24,"minecraft:cooked_porkchop":6,"iceandfire:silver_ingot":8,"mysticalworld:tin_ingot":15,"minecraft:crafting_table":1,"minecraft:wooden_pickaxe":1,"minecraft:cooked_chicken":2,"minecraft:furnace":4,"mysticalworld:tin_axe":1,"minecraft:stone_axe":1,"minecraft:cooked_mutton":7,"minecraft:air":0,"mysticalworld:silver_pickaxe":1,"iceandfire:armor_silver_metal_helmet":1,"minecraft:iron_boots":1,"minecraft:iron_chestplate":1,"minecraft:charcoal":7,"minecraft:shield":1,"minecraft:stick":16,"mysticalworld:tin_helmet":1,"minecraft:iron_ingot":23,"mysticalworld:tin_leggings":1,"minecraft:stone_pickaxe":1,"mysticalworld:tin_pickaxe":1,"minecraft:dark_oak_planks":12,"minecraft:smoker":1}},"DataVersion":2586}