{"stats":{"minecraft:killed":{"minecraft:sheep":2,"minecraft:skeleton":1,"minecraft:chicken":2,"minecraft:cow":1},"minecraft:dropped":{"minecraft:stone_axe":1,"minecraft:oak_log":32,"minecraft:feather":1,"minecraft:stone_pickaxe":1,"minecraft:wooden_pickaxe":1},"minecraft:mined":{"iceandfire:silver_ore":8,"minecraft:smoker":1,"minecraft:dark_oak_log":50,"minecraft:crafting_table":3,"minecraft:grass_block":3,"minecraft:diorite":1,"minecraft:furnace":1,"mysticalworld:tin_ore":25,"minecraft:iron_ore":24,"minecraft:oak_log":38,"minecraft:stone":44,"minecraft:oak_leaves":8},"minecraft:picked_up":{"minecraft:charcoal":12,"minecraft:crafting_table":3,"minecraft:feather":1,"minecraft:chicken":2,"minecraft:leather":1,"minecraft:smoker":1,"mysticalworld:tin_ore":25,"minecraft:oak_log":38,"minecraft:dirt":3,"minecraft:bone":2,"minecraft:bow":1,"minecraft:beef":3,"minecraft:iron_ore":23,"minecraft:oak_planks":2,"minecraft:furnace":1,"iceandfire:silver_ore":8,"minecraft:diorite":1,"minecraft:dark_oak_log":78,"minecraft:oak_sapling":1,"minecraft:mutton":3,"minecraft:cobblestone":43,"minecraft:white_wool":2},"minecraft:custom":{"minecraft:interact_with_furnace":16,"minecraft:mob_kills":6,"minecraft:interact_with_crafting_table":15,"minecraft:play_one_minute":22859,"minecraft:leave_game":3,"minecraft:time_since_death":22859,"minecraft:time_since_rest":22859,"minecraft:sprint_one_cm":35625,"minecraft:damage_taken":436,"minecraft:walk_one_cm":46601,"minecraft:drop":5,"minecraft:damage_dealt":510,"minecraft:swim_one_cm":1816,"minecraft:fly_one_cm":25986,"minecraft:crouch_one_cm":1291,"tombstone:undead_killed":1,"minecraft:sneak_time":512,"minecraft:walk_under_water_one_cm":6072,"minecraft:jump":299,"minecraft:walk_on_water_one_cm":7732,"minecraft:interact_with_smoker":11,"minecraft:fall_one_cm":8172},"minecraft:used":{"minecraft:cooked_mutton":1,"minecraft:stone_pickaxe":50,"minecraft:wooden_pickaxe":14,"minecraft:cooked_chicken":2,"mysticalworld:tin_pickaxe":40,"minecraft:dirt":3,"minecraft:crafting_table":4,"minecraft:smoker":2,"minecraft:oak_log":32,"minecraft:dark_oak_log":50,"minecraft:stone_axe":20,"minecraft:cobblestone":4,"minecraft:oak_sapling":1,"minecraft:furnace":3,"minecraft:cooked_beef":3},"minecraft:crafted":{"minecraft:cooked_beef":3,"minecraft:oak_planks":24,"iceandfire:silver_ingot":1,"mysticalworld:tin_ingot":11,"minecraft:crafting_table":1,"minecraft:wooden_pickaxe":1,"minecraft:cooked_chicken":2,"minecraft:furnace":3,"mysticalworld:tin_axe":1,"minecraft:stone_axe":1,"minecraft:cooked_mutton":3,"minecraft:air":0,"minecraft:iron_boots":1,"minecraft:iron_chestplate":1,"minecraft:charcoal":7,"minecraft:stick":12,"mysticalworld:tin_helmet":1,"minecraft:iron_ingot":12,"minecraft:stone_pickaxe":1,"mysticalworld:tin_pickaxe":1,"minecraft:smoker":1}},"DataVersion":2586}