{"stats":{"minecraft:mined":{"minecraft:spruce_planks":9,"minecraft:farmland":2,"minecraft:grass_block":11,"minecraft:spruce_leaves":6,"minecraft:spawner":4,"minecraft:hay_block":1,"minecraft:furnace":1,"minecraft:carrots":39,"mysticalworld:tin_ore":14,"minecraft:iron_ore":18,"minecraft:fire":4,"minecraft:gold_block":4,"minecraft:bookshelf":8,"minecraft:cobblestone_slab":1,"iceandfire:gold_pile":1,"minecraft:iron_bars":5,"minecraft:stone":49,"iceandfire:podium_spruce":2,"minecraft:white_wool":2,"minecraft:orange_bed":5,"minecraft:smoker":1,"minecraft:oak_fence":1,"minecraft:crafting_table":7,"minecraft:torch":1,"minecraft:tall_grass":1,"minecraft:cobblestone":1,"minecraft:sugar_cane":12,"minecraft:oak_planks":3,"minecraft:wall_torch":2,"minecraft:purple_bed":8,"minecraft:sweet_berry_bush":2,"minecraft:spruce_log":13,"minecraft:yellow_stained_glass_pane":2,"minecraft:grass":8,"minecraft:oak_log":83,"minecraft:coal_ore":33,"iceandfire:silver_pile":18,"minecraft:dirt":11,"minecraft:oak_leaves":8,"minecraft:fern":1},"minecraft:dropped":{"minecraft:cobblestone":2,"mysticalworld:stone_knife":1,"minecraft:stick":1,"minecraft:dirt":9,"tombstone:grave_key":1,"minecraft:mutton":2,"minecraft:wooden_axe":1,"tombstone:grave_dust":1,"minecraft:gold_nugget":4,"minecraft:string":1,"minecraft:white_wool":1,"iceandfire:dragonegg_gray":1,"minecraft:spruce_sapling":1,"mysticalworld:raw_squid":1,"iceandfire:silver_nugget":15,"minecraft:stone_axe":1,"minecraft:sweet_berries":3,"minecraft:iron_nugget":9,"mysticalworld:silver_ingot":1,"minecraft:potato":3,"minecraft:leather_boots":1,"minecraft:oak_sapling":26,"minecraft:spider_eye":3,"minecraft:iron_bars":1,"minecraft:stone_pickaxe":1,"minecraft:wooden_pickaxe":1},"minecraft:crafted":{"minecraft:oak_planks":176,"mysticalworld:silver_ingot":5,"minecraft:iron_nugget":9,"minecraft:cooked_chicken":1,"minecraft:furnace":1,"minecraft:cooked_mutton":1,"minecraft:iron_boots":1,"minecraft:stone_pickaxe":2,"minecraft:chest":1,"sophisticatedbackpacks:backpack":1,"minecraft:crafting_table":3,"minecraft:spruce_planks":140,"minecraft:wooden_pickaxe":2,"mysticalworld:stone_knife":1,"minecraft:stone_axe":2,"minecraft:air":0,"iceandfire:armor_silver_metal_helmet":1,"minecraft:iron_chestplate":1,"minecraft:shield":1,"minecraft:stick":20,"minecraft:wooden_axe":2,"minecraft:iron_leggings":1,"minecraft:torch":20},"minecraft:killed_by":{"minecraft:player":2,"iceandfire:cyclops":1,"iceandfire:ice_dragon":2,"minecraft:skeleton":1,"iceandfire:ghost":1,"minecraft:vex":2},"minecraft:custom":{"minecraft:mob_kills":34,"minecraft:interact_with_anvil":1,"minecraft:interact_with_crafting_table":22,"minecraft:open_barrel":4,"minecraft:leave_game":6,"minecraft:time_since_death":44090,"minecraft:climb_one_cm":1881,"minecraft:sprint_one_cm":422972,"minecraft:walk_one_cm":416860,"minecraft:drop":34,"minecraft:damage_dealt_absorbed":40,"minecraft:talked_to_villager":1,"minecraft:deaths":11,"minecraft:sneak_time":2927,"minecraft:walk_under_water_one_cm":5181,"minecraft:jump":3172,"minecraft:walk_on_water_one_cm":36273,"minecraft:interact_with_furnace":2,"minecraft:play_one_minute":172818,"minecraft:sleep_in_bed":9,"minecraft:time_since_rest":9472,"minecraft:damage_taken":4704,"minecraft:trigger_trapped_chest":1,"minecraft:damage_dealt":4173,"minecraft:swim_one_cm":26565,"minecraft:fly_one_cm":490555,"minecraft:open_chest":53,"minecraft:crouch_one_cm":4822,"tombstone:undead_killed":5,"minecraft:fall_one_cm":90273},"minecraft:used":{"minecraft:iron_bars":4,"minecraft:flint_and_steel":6,"minecraft:spruce_planks":92,"minecraft:iron_sword":56,"minecraft:cooked_chicken":1,"minecraft:orange_bed":4,"minecraft:torch":24,"minecraft:dirt":10,"iceandfire:copper_sword":10,"minecraft:carrot":32,"minecraft:wooden_axe":27,"minecraft:sweet_berries":18,"minecraft:furnace":1,"tombstone:gift":3,"minecraft:potato":3,"minecraft:cooked_mutton":5,"minecraft:stone_pickaxe":71,"minecraft:baked_potato":6,"minecraft:oak_planks":35,"minecraft:wooden_pickaxe":18,"minecraft:white_wool":9,"iceandfire:podium_spruce":2,"minecraft:crafting_table":8,"minecraft:spruce_log":13,"minecraft:oak_log":79,"minecraft:apple":3,"minecraft:bread":10,"minecraft:iron_pickaxe":74,"mysticalworld:stone_knife":16,"minecraft:stone_axe":60,"minecraft:cobblestone":14,"minecraft:purple_bed":7,"minecraft:cooked_porkchop":2},"minecraft:picked_up":{"minecraft:wooden_axe":1,"minecraft:crafting_table":8,"minecraft:chicken":7,"minecraft:gold_block":4,"mysticalworld:silver_ingot":1,"minecraft:string":7,"mysticalworld:raw_squid":1,"iceandfire:bestiary":2,"minecraft:gold_nugget":5,"minecraft:spruce_planks":32,"mysticalworld:stone_knife":1,"minecraft:beef":47,"minecraft:sugar_cane":34,"minecraft:egg":3,"minecraft:furnace":1,"minecraft:stick":22,"minecraft:torch":2,"tombstone:grave_dust":1,"minecraft:carrot":139,"minecraft:orange_bed":5,"minecraft:rotten_flesh":2,"minecraft:hay_block":1,"minecraft:mutton":10,"twilightforest:ice_bow":2,"minecraft:iron_bars":5,"minecraft:white_wool":11,"minecraft:cobblestone":50,"minecraft:feather":5,"minecraft:leather":13,"minecraft:smoker":1,"minecraft:potato":3,"paraglider:spirit_orb":8,"mysticalworld:tin_ore":14,"minecraft:oak_log":81,"iceandfire:dragonegg_gray":1,"minecraft:dirt":20,"minecraft:cooked_mutton":4,"minecraft:leather_boots":1,"minecraft:apple":4,"minecraft:iron_ingot":15,"minecraft:stone_pickaxe":1,"minecraft:iron_ore":18,"minecraft:oak_planks":12,"minecraft:book":24,"minecraft:cooked_porkchop":8,"minecraft:sweet_berries":11,"iceandfire:podium_spruce":2,"minecraft:spruce_sapling":1,"minecraft:spruce_log":31,"minecraft:spider_eye":3,"minecraft:purple_bed":8,"minecraft:stone_axe":1,"minecraft:bread":4,"minecraft:baked_potato":6,"minecraft:oak_sapling":28,"minecraft:coal":33,"iceandfire:silver_nugget":60},"minecraft:killed":{"minecraft:spider":8,"minecraft:skeleton":1,"minecraft:chicken":7,"minecraft:sheep":6,"minecraft:zombie":4,"minecraft:cow":7}},"DataVersion":2586}