{"stats":{"minecraft:mined":{"minecraft:spruce_planks":9,"minecraft:farmland":2,"minecraft:grass_block":5,"minecraft:spruce_leaves":6,"minecraft:spawner":4,"minecraft:hay_block":1,"minecraft:furnace":1,"minecraft:carrots":39,"minecraft:fire":4,"minecraft:gold_block":4,"minecraft:bookshelf":8,"minecraft:cobblestone_slab":1,"iceandfire:gold_pile":1,"minecraft:iron_bars":5,"minecraft:stone":30,"iceandfire:podium_spruce":2,"minecraft:white_wool":2,"minecraft:orange_bed":5,"minecraft:smoker":1,"minecraft:crafting_table":6,"minecraft:torch":1,"minecraft:tall_grass":1,"minecraft:cobblestone":1,"minecraft:sugar_cane":12,"minecraft:oak_planks":3,"minecraft:wall_torch":2,"minecraft:purple_bed":6,"minecraft:sweet_berry_bush":2,"minecraft:spruce_log":13,"minecraft:yellow_stained_glass_pane":2,"minecraft:grass":2,"minecraft:oak_log":57,"minecraft:coal_ore":22,"iceandfire:silver_pile":15,"minecraft:dirt":11,"minecraft:oak_leaves":8,"minecraft:fern":1},"minecraft:dropped":{"minecraft:cobblestone":2,"mysticalworld:stone_knife":1,"minecraft:stick":1,"minecraft:dirt":9,"tombstone:grave_key":1,"minecraft:mutton":1,"tombstone:grave_dust":1,"minecraft:gold_nugget":4,"minecraft:string":1,"minecraft:white_wool":1,"minecraft:spruce_sapling":1,"mysticalworld:raw_squid":1,"minecraft:stone_axe":1,"minecraft:sweet_berries":3,"minecraft:potato":3,"minecraft:leather_boots":1,"minecraft:spider_eye":3,"minecraft:iron_bars":1,"minecraft:stone_pickaxe":1,"minecraft:wooden_pickaxe":1},"minecraft:crafted":{"minecraft:oak_planks":176,"minecraft:cooked_chicken":1,"minecraft:furnace":1,"minecraft:cooked_mutton":1,"minecraft:stone_pickaxe":2,"minecraft:chest":1,"sophisticatedbackpacks:backpack":1,"minecraft:crafting_table":3,"minecraft:spruce_planks":140,"minecraft:wooden_pickaxe":2,"mysticalworld:stone_knife":1,"minecraft:stone_axe":2,"minecraft:air":0,"minecraft:shield":1,"minecraft:stick":20,"minecraft:wooden_axe":2,"minecraft:torch":20},"minecraft:killed_by":{"minecraft:player":2,"iceandfire:cyclops":1,"iceandfire:ice_dragon":2,"minecraft:skeleton":1,"iceandfire:ghost":1,"minecraft:vex":2},"minecraft:custom":{"minecraft:mob_kills":34,"minecraft:interact_with_anvil":1,"minecraft:interact_with_crafting_table":17,"minecraft:open_barrel":4,"minecraft:leave_game":6,"minecraft:time_since_death":20090,"minecraft:climb_one_cm":1881,"minecraft:sprint_one_cm":362002,"minecraft:walk_one_cm":362627,"minecraft:drop":25,"minecraft:damage_dealt_absorbed":40,"minecraft:deaths":11,"minecraft:sneak_time":2248,"minecraft:walk_under_water_one_cm":4621,"minecraft:jump":2618,"minecraft:walk_on_water_one_cm":28107,"minecraft:interact_with_furnace":2,"minecraft:play_one_minute":148818,"minecraft:sleep_in_bed":7,"minecraft:time_since_rest":18920,"minecraft:damage_taken":4550,"minecraft:trigger_trapped_chest":1,"minecraft:damage_dealt":4153,"minecraft:swim_one_cm":20530,"minecraft:fly_one_cm":384471,"minecraft:open_chest":52,"minecraft:crouch_one_cm":3547,"tombstone:undead_killed":5,"minecraft:fall_one_cm":73556},"minecraft:used":{"minecraft:iron_bars":4,"minecraft:flint_and_steel":6,"minecraft:spruce_planks":92,"minecraft:iron_sword":56,"minecraft:cooked_chicken":1,"minecraft:orange_bed":4,"minecraft:torch":24,"minecraft:dirt":4,"iceandfire:copper_sword":7,"minecraft:carrot":32,"minecraft:wooden_axe":25,"minecraft:sweet_berries":18,"minecraft:furnace":1,"tombstone:gift":3,"minecraft:potato":3,"minecraft:cooked_mutton":5,"minecraft:stone_pickaxe":71,"minecraft:baked_potato":6,"minecraft:oak_planks":35,"minecraft:wooden_pickaxe":18,"minecraft:white_wool":4,"iceandfire:podium_spruce":2,"minecraft:crafting_table":7,"minecraft:spruce_log":13,"minecraft:oak_log":54,"minecraft:apple":3,"minecraft:bread":6,"minecraft:iron_pickaxe":11,"mysticalworld:stone_knife":16,"minecraft:stone_axe":60,"minecraft:cobblestone":4,"minecraft:purple_bed":5,"minecraft:cooked_porkchop":2},"minecraft:picked_up":{"minecraft:wooden_axe":1,"minecraft:crafting_table":7,"minecraft:chicken":7,"minecraft:gold_block":4,"minecraft:string":7,"mysticalworld:raw_squid":1,"iceandfire:bestiary":2,"minecraft:gold_nugget":5,"minecraft:spruce_planks":32,"mysticalworld:stone_knife":1,"minecraft:beef":47,"minecraft:sugar_cane":34,"minecraft:egg":3,"minecraft:furnace":1,"minecraft:stick":15,"minecraft:torch":2,"tombstone:grave_dust":1,"minecraft:carrot":139,"minecraft:orange_bed":5,"minecraft:hay_block":1,"minecraft:mutton":10,"twilightforest:ice_bow":2,"minecraft:iron_bars":5,"minecraft:white_wool":11,"minecraft:cobblestone":31,"minecraft:feather":5,"minecraft:leather":13,"minecraft:smoker":1,"minecraft:potato":3,"paraglider:spirit_orb":8,"minecraft:oak_log":57,"iceandfire:dragonegg_gray":1,"minecraft:dirt":14,"minecraft:cooked_mutton":4,"minecraft:leather_boots":1,"minecraft:apple":3,"minecraft:stone_pickaxe":1,"minecraft:oak_planks":12,"minecraft:book":24,"minecraft:cooked_porkchop":8,"minecraft:sweet_berries":11,"iceandfire:podium_spruce":2,"minecraft:spruce_sapling":1,"minecraft:spruce_log":31,"minecraft:spider_eye":3,"minecraft:purple_bed":6,"minecraft:stone_axe":1,"minecraft:bread":4,"minecraft:baked_potato":6,"minecraft:oak_sapling":19,"minecraft:coal":22,"iceandfire:silver_nugget":50},"minecraft:killed":{"minecraft:spider":8,"minecraft:skeleton":1,"minecraft:chicken":7,"minecraft:sheep":6,"minecraft:zombie":4,"minecraft:cow":7}},"DataVersion":2586}