{"stats":{"minecraft:used":{"tombstone:gift":2,"minecraft:sweet_berries":11,"minecraft:bread":1},"minecraft:custom":{"minecraft:jump":53,"minecraft:open_chest":4,"minecraft:time_since_rest":1,"minecraft:crouch_one_cm":285,"minecraft:damage_dealt":12,"minecraft:play_one_minute":6723,"minecraft:sprint_one_cm":8886,"minecraft:deaths":2,"minecraft:damage_taken":605,"minecraft:time_since_death":436,"minecraft:walk_one_cm":11582,"minecraft:sneak_time":93,"minecraft:fall_one_cm":2938,"minecraft:fly_one_cm":6861,"minecraft:leave_game":1},"minecraft:killed_by":{"minecraft:player":1,"iceandfire:cyclops":1},"minecraft:picked_up":{"minecraft:oak_log":2,"minecraft:bread":3,"minecraft:spruce_log":4}},"DataVersion":2586}