{"stats":{"minecraft:killed":{"mysticalworld:beetle":1,"minecraft:pig":3,"minecraft:spider":3,"minecraft:sheep":7,"minecraft:skeleton":2,"savageandravage:skeleton_villager":1,"minecraft:zombie":3,"minecraft:chicken":2,"minecraft:cow":3},"minecraft:dropped":{"minecraft:stone_axe":1,"minecraft:oak_log":32,"minecraft:feather":1,"mysticalworld:tin_pickaxe":1,"mysticalworld:tin_helmet":1,"minecraft:stone_pickaxe":1,"minecraft:wooden_pickaxe":1},"minecraft:killed_by":{"iceandfire:fire_dragon":8},"minecraft:mined":{"minecraft:white_bed":1,"iceandfire:silver_ore":8,"minecraft:smoker":3,"minecraft:dark_oak_log":50,"minecraft:crafting_table":6,"minecraft:grass_block":3,"minecraft:tall_grass":1,"iceandfire:chared_dirt":4,"minecraft:sugar_cane":3,"minecraft:diorite":1,"minecraft:furnace":4,"minecraft:fire":3,"mysticalworld:tin_ore":28,"minecraft:iron_ore":31,"iceandfire:chared_gravel":1,"minecraft:birch_leaves":1,"minecraft:grass":15,"minecraft:oak_log":38,"minecraft:cobweb":5,"minecraft:stone":44,"minecraft:oak_leaves":8},"minecraft:broken":{"minecraft:shield":1},"minecraft:picked_up":{"minecraft:charcoal":22,"minecraft:crafting_table":6,"minecraft:feather":1,"minecraft:chicken":2,"minecraft:leather":6,"minecraft:smoker":3,"mysticalworld:tin_ore":28,"minecraft:oak_log":38,"mysticalworld:carapace":2,"minecraft:dirt":3,"minecraft:string":7,"minecraft:bone":6,"minecraft:bow":1,"minecraft:beef":7,"minecraft:iron_ore":30,"minecraft:sugar_cane":4,"minecraft:oak_planks":2,"minecraft:furnace":4,"iceandfire:silver_ore":8,"minecraft:porkchop":8,"minecraft:diorite":1,"minecraft:white_bed":1,"minecraft:dark_oak_log":86,"minecraft:spider_eye":1,"minecraft:arrow":3,"iceandfire:chared_dirt":1,"mysticalworld:aubergine_seeds":2,"minecraft:oak_sapling":1,"minecraft:mutton":10,"iceandfire:chared_gravel":4,"minecraft:white_wool":7,"minecraft:cobblestone":43},"minecraft:custom":{"minecraft:interact_with_furnace":32,"minecraft:mob_kills":25,"minecraft:interact_with_crafting_table":28,"minecraft:play_one_minute":53707,"minecraft:leave_game":5,"minecraft:time_since_death":207,"minecraft:sleep_in_bed":3,"minecraft:climb_one_cm":529,"minecraft:time_since_rest":1,"minecraft:sprint_one_cm":150333,"minecraft:damage_taken":3113,"minecraft:walk_one_cm":124975,"minecraft:damage_blocked_by_shield":830,"minecraft:drop":7,"minecraft:damage_dealt":3640,"minecraft:swim_one_cm":6274,"minecraft:fly_one_cm":190266,"minecraft:open_chest":5,"minecraft:crouch_one_cm":1655,"tombstone:undead_killed":6,"minecraft:deaths":8,"minecraft:sneak_time":624,"minecraft:walk_under_water_one_cm":6981,"minecraft:jump":925,"minecraft:walk_on_water_one_cm":10626,"minecraft:interact_with_smoker":17,"minecraft:fall_one_cm":24312},"minecraft:used":{"minecraft:cooked_mutton":5,"minecraft:stone_pickaxe":50,"minecraft:wooden_pickaxe":14,"minecraft:shield":77,"minecraft:iron_sword":64,"minecraft:cooked_chicken":2,"minecraft:white_wool":2,"mysticalworld:tin_pickaxe":40,"minecraft:dirt":3,"minecraft:crafting_table":7,"minecraft:white_bed":2,"minecraft:smoker":3,"mysticalworld:tin_axe":36,"minecraft:oak_log":32,"minecraft:dark_oak_planks":2,"minecraft:dark_oak_log":50,"minecraft:stone_axe":20,"minecraft:cobblestone":5,"mysticalworld:silver_pickaxe":15,"minecraft:furnace":4,"minecraft:oak_sapling":1,"minecraft:cooked_porkchop":2,"tombstone:gift":1,"minecraft:cooked_beef":3},"minecraft:crafted":{"minecraft:cooked_beef":3,"minecraft:oak_planks":24,"sophisticatedbackpacks:backpack":1,"minecraft:cooked_porkchop":6,"iceandfire:silver_ingot":8,"mysticalworld:tin_ingot":15,"minecraft:crafting_table":1,"minecraft:cooked_chicken":2,"minecraft:wooden_pickaxe":1,"minecraft:iron_sword":1,"minecraft:furnace":4,"mysticalworld:tin_axe":1,"minecraft:stone_axe":1,"minecraft:cooked_mutton":10,"minecraft:air":0,"mysticalworld:silver_pickaxe":1,"iceandfire:armor_silver_metal_helmet":1,"minecraft:iron_boots":1,"minecraft:iron_chestplate":1,"minecraft:charcoal":7,"minecraft:shield":2,"minecraft:stick":16,"mysticalworld:tin_helmet":1,"minecraft:iron_ingot":23,"mysticalworld:tin_leggings":1,"minecraft:stone_pickaxe":1,"minecraft:chest":1,"minecraft:white_bed":1,"mysticalworld:tin_pickaxe":1,"minecraft:dark_oak_planks":28,"minecraft:smoker":1}},"DataVersion":2586}