{"stats":{"minecraft:mined":{"minecraft:spruce_planks":9,"minecraft:farmland":2,"minecraft:smoker":1,"minecraft:crafting_table":4,"minecraft:torch":1,"minecraft:grass_block":3,"minecraft:cobblestone":1,"minecraft:spruce_leaves":3,"minecraft:oak_planks":3,"minecraft:sugar_cane":12,"minecraft:wall_torch":2,"minecraft:hay_block":1,"minecraft:purple_bed":1,"minecraft:carrots":39,"minecraft:fire":4,"minecraft:sweet_berry_bush":2,"minecraft:spruce_log":13,"minecraft:yellow_stained_glass_pane":2,"minecraft:grass":1,"minecraft:bookshelf":8,"minecraft:oak_log":8,"minecraft:coal_ore":16,"minecraft:iron_bars":4,"minecraft:dirt":2,"minecraft:stone":14,"minecraft:oak_leaves":6,"minecraft:fern":1,"minecraft:orange_bed":5},"minecraft:used":{"minecraft:cooked_mutton":3,"minecraft:iron_bars":4,"minecraft:flint_and_steel":6,"minecraft:stone_pickaxe":55,"minecraft:oak_planks":6,"minecraft:spruce_planks":92,"minecraft:wooden_pickaxe":9,"minecraft:iron_sword":56,"minecraft:white_wool":2,"minecraft:orange_bed":4,"minecraft:torch":24,"minecraft:crafting_table":5,"minecraft:carrot":32,"minecraft:spruce_log":13,"minecraft:oak_log":5,"minecraft:wooden_axe":20,"minecraft:bread":3,"mysticalworld:stone_knife":16,"minecraft:stone_axe":28,"minecraft:cobblestone":4,"minecraft:sweet_berries":18,"tombstone:gift":2,"minecraft:potato":3},"minecraft:dropped":{"minecraft:stone_axe":1,"minecraft:sweet_berries":3,"minecraft:cobblestone":2,"mysticalworld:stone_knife":1,"minecraft:stick":1,"minecraft:dirt":2,"minecraft:potato":3,"tombstone:grave_key":1,"minecraft:leather_boots":1,"tombstone:grave_dust":1,"minecraft:spider_eye":3,"minecraft:wooden_pickaxe":1,"minecraft:stone_pickaxe":1,"minecraft:string":1,"minecraft:white_wool":1,"mysticalworld:raw_squid":1,"minecraft:spruce_sapling":1},"minecraft:killed":{"minecraft:spider":6,"minecraft:sheep":1,"minecraft:zombie":4,"minecraft:chicken":1,"minecraft:cow":7},"minecraft:crafted":{"minecraft:oak_planks":32,"sophisticatedbackpacks:backpack":1,"minecraft:crafting_table":2,"minecraft:spruce_planks":140,"minecraft:wooden_pickaxe":1,"mysticalworld:stone_knife":1,"minecraft:stone_axe":1,"minecraft:stick":16,"minecraft:stone_pickaxe":1,"minecraft:wooden_axe":2,"minecraft:chest":1,"minecraft:torch":20},"minecraft:custom":{"minecraft:interact_with_anvil":1,"minecraft:mob_kills":21,"minecraft:interact_with_crafting_table":11,"minecraft:open_barrel":4,"minecraft:play_one_minute":82065,"minecraft:leave_game":5,"minecraft:time_since_death":10056,"minecraft:sleep_in_bed":4,"minecraft:climb_one_cm":648,"minecraft:time_since_rest":8399,"minecraft:sprint_one_cm":224436,"minecraft:damage_taken":2815,"minecraft:walk_one_cm":197057,"minecraft:drop":18,"minecraft:damage_dealt":2943,"minecraft:damage_dealt_absorbed":40,"minecraft:swim_one_cm":19573,"minecraft:fly_one_cm":216159,"minecraft:open_chest":32,"minecraft:crouch_one_cm":1199,"tombstone:undead_killed":4,"minecraft:deaths":6,"minecraft:sneak_time":939,"minecraft:walk_under_water_one_cm":3681,"minecraft:jump":1504,"minecraft:walk_on_water_one_cm":24905,"minecraft:fall_one_cm":45331},"minecraft:killed_by":{"minecraft:player":2,"iceandfire:cyclops":1,"iceandfire:ice_dragon":2},"minecraft:picked_up":{"minecraft:wooden_axe":1,"minecraft:crafting_table":5,"minecraft:feather":1,"minecraft:chicken":1,"minecraft:leather":13,"minecraft:smoker":1,"minecraft:potato":3,"minecraft:oak_log":10,"minecraft:dirt":3,"minecraft:string":6,"minecraft:leather_boots":1,"minecraft:cooked_mutton":3,"mysticalworld:raw_squid":1,"minecraft:spruce_planks":32,"mysticalworld:stone_knife":1,"minecraft:beef":47,"minecraft:stone_pickaxe":1,"minecraft:sugar_cane":34,"minecraft:oak_planks":3,"minecraft:book":24,"minecraft:stick":4,"minecraft:sweet_berries":11,"minecraft:torch":2,"minecraft:spruce_sapling":1,"tombstone:grave_dust":1,"minecraft:carrot":139,"minecraft:spruce_log":31,"minecraft:spider_eye":3,"minecraft:orange_bed":5,"minecraft:purple_bed":1,"minecraft:stone_axe":1,"minecraft:hay_block":1,"minecraft:bread":3,"minecraft:white_wool":4,"minecraft:iron_bars":4,"minecraft:oak_sapling":2,"minecraft:mutton":2,"twilightforest:ice_bow":2,"minecraft:coal":16,"minecraft:cobblestone":15}},"DataVersion":2586}