{"stats":{"minecraft:mined":{"minecraft:carrots":22,"minecraft:smoker":1,"minecraft:sweet_berry_bush":2,"minecraft:spruce_log":13,"minecraft:crafting_table":2,"minecraft:grass":1,"minecraft:grass_block":1,"minecraft:dirt":2,"minecraft:cobblestone":1,"minecraft:spruce_leaves":3,"minecraft:stone":12,"minecraft:sugar_cane":4,"minecraft:oak_leaves":6,"minecraft:orange_bed":1},"minecraft:used":{"minecraft:wooden_axe":4,"minecraft:bread":3,"minecraft:stone_pickaxe":16,"mysticalworld:stone_knife":8,"minecraft:spruce_planks":67,"minecraft:wooden_pickaxe":9,"minecraft:stone_axe":9,"minecraft:cobblestone":4,"minecraft:sweet_berries":18,"minecraft:crafting_table":2,"tombstone:gift":2,"minecraft:potato":3,"minecraft:spruce_log":13},"minecraft:dropped":{"minecraft:dirt":1,"minecraft:sweet_berries":3,"minecraft:wooden_pickaxe":1,"minecraft:string":1,"minecraft:spruce_sapling":1,"mysticalworld:raw_squid":1,"minecraft:stick":1},"minecraft:killed":{"minecraft:cow":4},"minecraft:crafted":{"minecraft:crafting_table":1,"minecraft:spruce_planks":96,"minecraft:stick":8,"minecraft:wooden_pickaxe":1,"minecraft:stone_pickaxe":1,"minecraft:wooden_axe":1,"mysticalworld:stone_knife":1,"minecraft:stone_axe":1},"minecraft:custom":{"minecraft:time_since_rest":4166,"minecraft:sprint_one_cm":73937,"minecraft:damage_taken":1350,"minecraft:walk_one_cm":59035,"minecraft:interact_with_anvil":1,"minecraft:mob_kills":4,"minecraft:drop":7,"minecraft:damage_dealt":412,"minecraft:interact_with_crafting_table":8,"minecraft:fly_one_cm":69548,"minecraft:open_chest":17,"minecraft:play_one_minute":28822,"minecraft:crouch_one_cm":946,"minecraft:deaths":4,"minecraft:sneak_time":602,"minecraft:walk_under_water_one_cm":909,"minecraft:jump":502,"minecraft:leave_game":3,"minecraft:time_since_death":5786,"minecraft:walk_on_water_one_cm":1984,"minecraft:fall_one_cm":15451},"minecraft:killed_by":{"minecraft:player":2,"iceandfire:cyclops":1},"minecraft:picked_up":{"minecraft:wooden_axe":1,"minecraft:stick":4,"minecraft:crafting_table":3,"minecraft:sweet_berries":11,"minecraft:leather":10,"minecraft:smoker":1,"minecraft:potato":3,"minecraft:oak_log":2,"minecraft:spruce_sapling":1,"tombstone:grave_dust":1,"minecraft:carrot":86,"minecraft:spruce_log":31,"minecraft:dirt":1,"minecraft:string":1,"minecraft:orange_bed":1,"mysticalworld:raw_squid":1,"minecraft:stone_axe":1,"minecraft:spruce_planks":23,"mysticalworld:stone_knife":1,"minecraft:beef":40,"minecraft:stone_pickaxe":1,"minecraft:bread":3,"minecraft:sugar_cane":22,"twilightforest:ice_bow":2,"minecraft:cobblestone":13}},"DataVersion":2586}