{
  "iceandfire:iceandfire/root": {
    "criteria": {
      "tick": "2024-09-06 00:36:46 +0000"
    },
    "done": true
  },
  "minecraft:recipes/transportation/dark_oak_boat": {
    "criteria": {
      "in_water": "2024-09-06 00:53:42 +0000"
    },
    "done": true
  },
  "minecraft:recipes/transportation/birch_boat": {
    "criteria": {
      "in_water": "2024-09-06 00:53:42 +0000"
    },
    "done": true
  },
  "tombstone:adventure/root": {
    "criteria": {
      "auto": "2024-09-06 00:36:45 +0000"
    },
    "done": true
  },
  "dungeons_arise:find_wishing_well": {
    "criteria": {
      "location0": "2024-09-06 00:53:40 +0000"
    },
    "done": true
  },
  "mysticalworld:root": {
    "criteria": {
      "auto": "2024-09-06 00:03:09 +0000"
    },
    "done": true
  },
  "dungeons_arise:wda_root": {
    "criteria": {
      "WDA": "2024-09-06 00:03:09 +0000"
    },
    "done": true
  },
  "minecraft:recipes/transportation/acacia_boat": {
    "criteria": {
      "in_water": "2024-09-06 00:53:42 +0000"
    },
    "done": true
  },
  "minecraft:recipes/transportation/oak_boat": {
    "criteria": {
      "in_water": "2024-09-06 00:53:42 +0000"
    },
    "done": true
  },
  "mowziesmobs:root": {
    "criteria": {
      "custom_test_name": "2024-09-06 00:03:09 +0000"
    },
    "done": true
  },
  "minecraft:recipes/transportation/jungle_boat": {
    "criteria": {
      "in_water": "2024-09-06 00:53:42 +0000"
    },
    "done": true
  },
  "minecraft:recipes/transportation/spruce_boat": {
    "criteria": {
      "in_water": "2024-09-06 00:53:42 +0000"
    },
    "done": true
  },
  "dungeons_arise:find_abandoned_temple": {
    "criteria": {
      "location0": "2024-09-06 00:54:41 +0000"
    },
    "done": true
  },
  "minecraft:adventure/adventuring_time": {
    "criteria": {
      "minecraft:forest": "2024-09-06 00:03:09 +0000",
      "minecraft:mountains": "2024-09-06 00:55:02 +0000",
      "minecraft:taiga": "2024-09-06 00:52:35 +0000",
      "minecraft:deep_cold_ocean": "2024-09-06 00:55:07 +0000",
      "minecraft:taiga_hills": "2024-09-06 00:54:26 +0000",
      "minecraft:birch_forest": "2024-09-06 00:54:51 +0000",
      "minecraft:river": "2024-09-06 00:52:29 +0000",
      "minecraft:birch_forest_hills": "2024-09-06 00:54:48 +0000",
      "minecraft:wooded_mountains": "2024-09-06 00:55:35 +0000",
      "minecraft:wooded_hills": "2024-09-06 00:37:58 +0000",
      "minecraft:stone_shore": "2024-09-06 00:55:17 +0000",
      "minecraft:swamp": "2024-09-06 00:54:50 +0000",
      "minecraft:plains": "2024-09-06 00:52:59 +0000"
    },
    "done": false
  },
  "DataVersion": 2586
}