{
  "dungeons_arise:wda_root": {
    "criteria": {
      "WDA": "2024-09-06 00:03:09 +0000"
    },
    "done": true
  },
  "iceandfire:iceandfire/root": {
    "criteria": {
      "tick": "2024-09-06 00:36:46 +0000"
    },
    "done": true
  },
  "mowziesmobs:root": {
    "criteria": {
      "custom_test_name": "2024-09-06 00:03:09 +0000"
    },
    "done": true
  },
  "tombstone:adventure/root": {
    "criteria": {
      "auto": "2024-09-06 00:36:45 +0000"
    },
    "done": true
  },
  "mysticalworld:root": {
    "criteria": {
      "auto": "2024-09-06 00:03:09 +0000"
    },
    "done": true
  },
  "minecraft:adventure/adventuring_time": {
    "criteria": {
      "minecraft:forest": "2024-09-06 00:03:09 +0000",
      "minecraft:wooded_hills": "2024-09-06 00:37:58 +0000"
    },
    "done": false
  },
  "DataVersion": 2586
}