{
  "dungeons_arise:wda_root": {
    "criteria": {
      "WDA": "2024-09-08 20:26:13 +0000"
    },
    "done": true
  },
  "iceandfire:iceandfire/root": {
    "criteria": {
      "tick": "2024-09-08 20:26:13 +0000"
    },
    "done": true
  },
  "mowziesmobs:root": {
    "criteria": {
      "custom_test_name": "2024-09-08 20:26:13 +0000"
    },
    "done": true
  },
  "tombstone:adventure/root": {
    "criteria": {
      "auto": "2024-09-08 20:26:13 +0000"
    },
    "done": true
  },
  "mysticalworld:root": {
    "criteria": {
      "auto": "2024-09-08 20:26:13 +0000"
    },
    "done": true
  },
  "minecraft:adventure/adventuring_time": {
    "criteria": {
      "minecraft:forest": "2024-09-08 20:26:13 +0000",
      "minecraft:jungle": "2024-09-08 22:29:08 +0000",
      "minecraft:birch_forest": "2024-09-08 22:27:07 +0000",
      "minecraft:dark_forest": "2024-09-08 22:27:25 +0000",
      "minecraft:river": "2024-09-08 21:05:19 +0000",
      "minecraft:birch_forest_hills": "2024-09-08 22:27:21 +0000",
      "minecraft:wooded_hills": "2024-09-08 22:27:59 +0000",
      "minecraft:swamp": "2024-09-08 21:04:58 +0000",
      "minecraft:plains": "2024-09-08 22:26:48 +0000"
    },
    "done": false
  },
  "DataVersion": 2586
}